ID  объявления,Количество комнат,Тип,Метро,Адрес,"Площадь, м2",Дом,Парковка,Цена,Телефоны,Описание,Ремонт,"Площадь комнат, м2",Балкон,Окна,Санузел,Можно с детьми/животными,Дополнительно,Серия дома,"Высота потолков, м",Лифт,Мусоропровод,Ссылка на объявление
317523322,"2, Изолированная",Квартира,м. Ломоносовский проспект (10 мин пешком),"Москва, Мосфильмовская улица, 33",43.2/25.0/5.0,"1/5, Панельный",наземная,"80000.0 руб./ За месяц, Залог - 80000 руб., Коммунальные услуги включены, Срок аренды - Длительный, Предоплата 1 мес",+79898326345,"Впервые сдаётся светлая 2-комнатная квартира с евроремонтом и совмещённым санузлом. Её можно посмотреть когда вам удобно: бронируете время, забираете ключи или встречаетесь с менеджером и спокойно осматриваете. Если всё понравится, договор подпишем онлайн и будем поддерживать вас на всех этапах аренды.

Квартира оборудована кухонным гарнитуром, мебелью и бытовой техникой. Установлен кондиционер, есть холодильник, стиральная машина, телевизор, плита. Проведён интернет и подключено кабельное/цифровое ТВ. Полы - плитка и ламинат. Окна выходят во двор, на северо-восток. Есть бесплатная парковка.

Собственник готов заселить не более 2 взрослых жильцов с детьми или заключить договор с юридическим лицом. С питомцем нельзя. Возможен торг. 

Дом находится в районе с развитой инфраструктурой: в пешей доступности - школы, продуктовые супермаркеты, кафе и закусочные, салоны красоты и парикмахерские, аптеки и медицинские учреждения. Рядом - парк перед посольством КНР, Ботанический сад МГУ, недалеко ..., Возможен торг, 21 фото",Евроремонт,9-16,,Во двор,Совмещенный (1),Можно с детьми,"Мебель в комнатах, Мебель на кухне, Ванна, Стиральная машина, Кондиционер, Телевизор, Холодильник, Интернет",,2.7,,,https://www.cian.ru/rent/flat/317523322
317669263,"2, Изолированная",Квартира,м. Поклонная (17 мин пешком),"Москва, улица Пудовкина, 6К3",58.6/31.0/9.0,"8/14, Кирпичный",наземная,"100000.0 руб./ За месяц, Залог - 100000 руб., Коммунальные услуги включены, Срок аренды - Длительный, Предоплата 1 мес",+79802809025,"Сдаётся уютная двухкомнатная квартира в Москве, на улице Пудовкина, дом 6к3. Общая площадь квартиры составляет 58,6 кв. м, жилая площадь — 31 кв. м, кухня — 9 кв. м. Квартира расположена на 8 этаже 14-этажного кирпичного дома, построенного в 1967 году. До станции метро Поклонная всего 17 минут пешком. 

Квартира с евроремонтом, что делает её особенно привлекательной. В каждой комнате есть мебель, а на кухне установлена качественная техника: кондиционер, холодильник, посудомоечная машина, стиральная машина и телевизор. Высокие потолки 2,7 метра создают ощущение простора. Окна выходят во двор, из окон потрясающие виды на океан зелени. Поэтому в квартире всегда тихо и спокойно. Ванная комната оборудована ванной,  совмещённый санузел.

Дом находится в отличном состоянии, оборудован пассажирским и грузовым лифтами, есть мусоропровод. Для автомобилистов предусмотрена наземная парковка за шлагбаумом. Район обжитой, с развитой инфраструктурой: рядом находятся школы, детские сады и магазины, чт ..., 20 фото",Евроремонт,,,Во двор,Совмещенный (1),Можно с детьми,"Мебель в комнатах, Мебель на кухне, Ванна, Стиральная машина, Кондиционер, Посудомоечная машина, Телевизор, Холодильник, Интернет",,2.7,"Пасс (1), Груз (1)",Да,https://www.cian.ru/rent/flat/317669263
316259124,2,Квартира,м. Кунцевская (4 мин на машине),"Москва, Можайское шоссе, 32",56.0/30.6/10.0,"10/10, Кирпичный",наземная,"50000.0 руб./ За месяц, Залог - 50000 руб., Коммунальные услуги включены, Срок аренды - Длительный, Предоплата 1 мес",+79802807287,"Сдаётся двухкомнатная квартира, комнаты изолированные, балкон просторный, застекленный. Кухня большая. санузел раздельный. Ремонт косметический. На длительный срок., 12 фото",Косметический,,Балкон (1),На улицу,Раздельный (1),Можно с детьми,"Мебель в комнатах, Мебель на кухне, Ванна, Стиральная машина, Кондиционер, Телевизор, Холодильник, Интернет",,2.8,"Пасс (1), Груз (1)",Да,https://www.cian.ru/rent/flat/316259124
313237914,2,Квартира,м. Рабочий посёлок (9 мин пешком),"Москва, Гвардейская улица, 14",45.0/30.0/6.0,"9/9, Кирпичный",наземная,"55000.0 руб./ За месяц, Залог - 55000 руб., Коммунальные услуги включены, Срок аренды - Длительный, Предоплата 1 мес",+79161833329,"Вашему вниманию хорошая двухкомнатная квартира в шаговой доступность от станции  метро  ""Рабочий посёлок "",в кирпичном доме на 9 этаже девяти этажного дома.Квартира в хорошем  состоянии ,окна выходят во двор ,имеется застекленный балкон ,отделанный вагонкой .Комнаты изолированные,одна из комнат соединена  с кухней .Большой санузел ,отделанный плиткой  В кухне встроенный гарнитура,микроволновка,духовой шкаф, холодильник .Есть два спальных места .Квартира уютная и тихая .Тамбур на две квартиры .Развитая инфраструктура. Сдаётся на длительный срок, 15 фото",Косметический,,Балкон (1),Во двор,Совмещенный (1),Можно с детьми,"Мебель в комнатах, Мебель на кухне, Ванна, Стиральная машина, Холодильник, Интернет",,2.64,Пасс (1),Да,https://www.cian.ru/rent/flat/313237914
317424869,"2, Изолированная",Квартира,м. Пионерская (8 мин пешком),"Москва, Кастанаевская улица, 35К1",54.0/32.0/9.0,8/9,наземная,"70000.0 руб./ За месяц, Залог - 70000 руб., Коммунальные услуги включены, Срок аренды - Длительный, Предоплата 1 мес",+79164774189,"Сдается 2-х комнатная квартира (окна на 2 стороны). ХОРОШИЙ РЕМОНТ! Можно с детьми. Без домашних животных. На длительный срок. Во всей квартире установлены стеклопакеты с москитными сетками и жалюзи на окнах. Есть застекленная большая лоджия. БЫЛА КУПЛЕНА НОВАЯ МЕБЕЛЬ: 2 ДИВАНА раскладывающихся, 2-х спальная КРОВАТЬ, СТЕНКА И ПРИХОЖАЯ!!!! Есть кондиционеры. Комнаты ИЗОЛИРОВАННЫЕ. Есть вся необходимая мебель, бытовая техника, телевизоры. На кухне микроволновая печь, мультиварка, электрогриль, стиральная машина, вытяжка. Рядом пруд (400 м) с зоной отдыха, Филёвский парк и Москва-река, вся инфраструктура в шаговой доступности. До метро Славянский бульвар и МЦД1 - 5 минут пешком, Пионерская - 5 минут пешком!!! Залог делим на 2 части. Рассмотрим приличных, порядочных людей, обсудим состав!!!, 22 фото",Косметический,,Лоджия (1),На улицу и двор,Раздельный (1),Можно с детьми,"Мебель в комнатах, Мебель на кухне, Ванна, Стиральная машина, Кондиционер, Телевизор, Холодильник, Интернет",,,Пасс (1),,https://www.cian.ru/rent/flat/317424869
316887415,"2, Изолированная",Квартира,м. Рабочий посёлок (12 мин пешком),"Москва, Гвардейская улица, 1",54.0/35.0/10.0,12/14,,"72000.0 руб./ За месяц, Залог - 72000 руб., Коммунальные услуги включены, Срок аренды - Длительный, Предоплата 1 мес",+79852167630,"ОТЛИЧНОЕ ПРЕДЛОЖЕНИЕ. НЕ ПРОПУСТИТЕ. Сдается на длительный срок. Для связи просьба звонить по телефону в разумное время, круглосуточно не работаем, на сообщения через ЦИАН не всегда есть возможность ответить, они могут работать некорректно. Квартира расположена в кирпичном доме, с консьержем, подъезд в цветах, приличные соседи. Просторная двухкомнатная квартира, общей площадью 54 м2, изолированные комнаты 18 м2 и 17 м2 (с большой заст. лоджией), кухня 10 м2, санузел совместный, функциональный коридор. Приличное состояние, качественный ремонт делали под себя, вся мебель и бытовая техника в наличии (есть посудомоечная машина, кондиционеры). Развитая инфраструктура и транспортная доступность., 38 фото",Евроремонт,,Лоджия (1),,Совмещенный (1),,"Мебель в комнатах, Мебель на кухне, Ванна, Стиральная машина, Кондиционер, Посудомоечная машина, Телевизор, Холодильник, Интернет",,,"Пасс (1), Груз (1)",,https://www.cian.ru/rent/flat/316887415
274423061,2,Квартира,м. Давыдково (9 мин пешком),"Москва, улица Вересаева, 12",64.0/33.0/12.0,"7/14, Кирпичный",,"80000.0 руб./ За месяц, Залог - 80000 руб., Коммунальные услуги включены, Срок аренды - Длительный, Предоплата 1 мес","+79858824080, +79853832850","Сдается двухкомнатная квартира, частично меблированна. Комнаты раздельные, 2 затекленные лоджии, СУР, Дом кирпичный, с консьержем, шлагбаум на въезде., 14 фото",Косметический,,Лоджия (2),Во двор,Раздельный (1),"Можно с детьми, Можно с животными","Мебель на кухне, Ванна, Стиральная машина, Кондиционер, Посудомоечная машина, Холодильник, Интернет",,,Пасс (2),Да,https://www.cian.ru/rent/flat/274423061
304317373,2,Квартира,м. Москва-Сити (8 мин пешком),"Москва, Кутузовский проспект, 22",54.0/30.0/8.0,"3/6, Кирпичный",наземная,"85000.0 руб./ За месяц, Залог - 85000 руб., Коммунальные услуги включены, Срок аренды - Длительный, Предоплата 1 мес",+79868017664,"Сдается уютная; укомплектованная всей мебелью и необходимой техникой квартира, микроволновая печь, холодильник, пылесос, стиральная машина,кондиционер. Квартира расположенная в элитном районе г. Москвы. все магазины, рестораны, банки, все рядом. комфортное место для жизни., 23 фото",Косметический,,,На улицу,Раздельный (1),,"Мебель в комнатах, Мебель на кухне, Ванна, Стиральная машина, Кондиционер, Холодильник",,3.2,Пасс (2),,https://www.cian.ru/rent/flat/304317373
317443759,"2, Изолированная",Квартира,м. Ломоносовский проспект (10 мин пешком),"Москва, улица Дружбы, 2/19",46.0,2/9,наземная,"90000.0 руб./ За месяц, Залог - 90000 руб., Коммунальные услуги включены, Срок аренды - На несколько месяцев, Предоплата 1 мес",+79820865725,"Игорь. Квартира на короткий срок с 26 мая на летний период. 

Предлагается замечательная квартира с современным ремонтом в кирпичном доме. Комнаты изолированные, отличный современный ремонт, все необходимое присутствует, все в рабочем, хорошем состоянии. Много шкафов. Полы ламинат, окна ПВХ. Из техники в дополнении ко всему есть еще посудомоечная машина, кондиционер. Отдельный тамбур, спокойные соседи. 

В ПЕШЕЙ ДОСТУПНОСТИ ОТ МЕТРО. Дом в хорошем состоянии, проведен капитальный ремонт подьезда, освежили заменилив все коммуникации на современные включая входную группу. Придомовая территория уютная в зелени, много мест для парковки во внутреннем дворе. Развитая инфраструктура рядом парк с прудом, магазины., 24 фото",Евроремонт,,,Во двор,Совмещенный (1),"Можно с детьми, Можно с животными","Мебель в комнатах, Мебель на кухне, Душевая кабина, Стиральная машина, Кондиционер, Посудомоечная машина, Телевизор, Холодильник, Интернет",,,Пасс (1),,https://www.cian.ru/rent/flat/317443759
317529822,"2, Оба варианта",Квартира,м. Переделкино (9 мин пешком),"Москва, улица 6-я Новые Сады, 2, ш. Боровское (8 км до МКАД), ш. Киевское (9 км до МКАД)",64.0/36.0/14.0,7/10,наземная,"90000.0 руб./ За месяц, Залог - 90000 руб., Коммунальные услуги включены, Срок аренды - Длительный, Предоплата 1 мес",+79851633213,"Замечательная просторная квартира общ. пл. 90 кв.м. Одна комната большая гостиная-кухня, вторая отдельная изолированная спальня, 2-х спальная кровать матрасом, вместительный платяной шкаф-купе под потолок, есть оборудованная гардеробная комната, две большие застеклённые лоджии, окна стеклопакеты, большая ванная комната, просторный холл. На кухне встроенная мебель и бытовая техника, встроенная посудомоечная машина, духовой шкаф, свч, варочная поверхность, установлен кондиционер, проведён высокоскоростной интернет, обеденная зона, три окна. Соседи приличная публика, закрытый двор, подземный паркинг, круглосуточная охрана и видеонаблюдение, удобный выезд, рядом вся инфраструктура района и т.д., 18 фото",Евроремонт,,"Балкон (1), Лоджия (1)",Во двор,Раздельный (1),"Можно с детьми, Можно с животными","Мебель в комнатах, Мебель на кухне, Ванна, Стиральная машина, Кондиционер, Посудомоечная машина, Телевизор, Холодильник, Интернет",,,"Пасс (1), Груз (1)",,https://www.cian.ru/rent/flat/317529822
315690340,2,Квартира,м. Кутузовская (3 мин пешком),"Москва, Кутузовский проспект, 30",64.0/35.0/9.0,4/11,наземная,"90000.0 руб./ За месяц, Залог - 90000 руб., Коммунальные услуги включены, Срок аренды - Длительный, Предоплата 1 мес",+79156123544,"В квартире выполнен косметический ремонт.  В наличии вся необходимая мебель, как в комнатах, так и на кухне. Санузел раздельный, оборудован душевой кабиной. Окна квартиры выходят на набережную Тараса Шевченко и Москва  Сити.

Чистый подъезд, домофон, видеонаблюдение, въезд в благоустроенный двор ограничен шлагбаумами, где есть места для парковки автомобиля. Престижный центр, развитая инфраструктура, прекрасная транспортная доступность. В этом историческом доме проживали Л.И. Брежнев, Ю.В. Андропов, А.А. Гречко. 

Рядом с домом находятся школы, детские сады и магазины, хорошая транспортная доступность позволяет быстро добраться до центра города и других районов.

Условия аренды: договор аренды заключается на длительный срок. Предусмотрен залог в размере месячной арендной платы. Вода, электричество, интернет оплачивается дополнительно по счетчикам. Показы по договоренности., 20 фото",Косметический,,Балкон (1),На улицу,Раздельный (1),,"Мебель в комнатах, Мебель на кухне, Душевая кабина, Стиральная машина, Кондиционер, Телевизор, Холодильник, Интернет",,,Пасс (1),Да,https://www.cian.ru/rent/flat/315690340
316903278,"3, Оба варианта",Квартира,м. Молодёжная (21 мин пешком),"Москва, улица Маршала Тимошенко, 4",76.0/47.7/7.0,3/4,наземная,"95000.0 руб./ За месяц, Залог - 95000 руб., Коммунальные услуги включены, Срок аренды - Длительный, Предоплата 1 мес",+79339368741,"Сдаётся атмосферная трёхкомнатная квартира в одном из самых зелёных районов Москвы. Формат Дача в городе: Окна на лес, воздух как за городом. Тихий ухоженный дворик, несколько детских площадок, освещённые аллеи и трассы для беговых лыж в лесу, стадион для пробежек. Дом признан культурным наследием города.  Кирпичный 4-х этажный дом, квартира расположена на третьем этаже.  Свежий ремонт 2019 и 2022 года. Дизайн квартиры выполнен в классическом стиле.  Общая площадь 76 кв. м, потолки 3,20. 
Гостиная - столовая  20,3 кв. м, с раскладным двуспальным диваном, спальня  13,3 кв. м, с кабинетной зоной и богатой библиотекой, спальня  14,1 кв. м. Кухня 7 кв. м, с застекленным балконом.  Телевизоры в двух комнатах и на кухне. Есть кладовка со стиральной машинкой и местом для хранения. Стеклопакеты во всех комнатах, 2 кондиционера. Санузел раздельный,  домофон, сигнализация. В подъезде имеется пространство для хранения  колясок/санок. Парковочные места около дома всегда в наличии. Рядом ТЦ  Кунцев ..., 23 фото",Евроремонт,,Балкон (1),Во двор,Раздельный (1),Можно с детьми,"Мебель в комнатах, Мебель на кухне, Ванна, Стиральная машина, Кондиционер, Телевизор, Холодильник, Интернет",,,,,https://www.cian.ru/rent/flat/316903278
262178317,"2, Изолированная",Квартира,м. Студенческая (8 мин пешком),"Москва, Кутузовский проспект, 31",49.0/29.0/8.0,"7/8, Кирпичный",,"95000.0 руб./ За месяц, Залог - 95000 руб., Коммунальные услуги включены, Срок аренды - Длительный, Предоплата 1 мес","+79390181579, +79851633970","Сдаётся квартира с Евроремонтом окна стеклопакеты на полу Ламинат. Сталинский дом!Сан раздельный- Душевая кабина. Вся мебель необходимая присутствует. Кухонный гарнитур. В комнатах кровать двуспальная, шкаф купе. В другой комнате минимум мебели .Вся бытовая техника присутствует включая посудомоечную машину и кондиционер. Окна выходят во двор., 37 фото",Евроремонт,,,Во двор,Раздельный (1),Можно с детьми,"Мебель в комнатах, Мебель на кухне, Душевая кабина, Стиральная машина, Кондиционер, Посудомоечная машина, Телевизор, Холодильник",,,Пасс (1),Да,https://www.cian.ru/rent/flat/262178317
317888310,"2, Изолированная",Квартира,м. Киевская (8 мин пешком),"Москва, Кутузовский проспект, 1/7",57.5/10.0,"3/7, Кирпичный",наземная,"99990.0 руб./ За месяц, Залог - 100000 руб., Коммунальные услуги включены, Срок аренды - Длительный, Предоплата 1 мес",+79390179127,"Объявление с реальной ценой и условиями! 
Самая низкая комиссия среди других агентств! 

На длительный срок сдаётся прекрасная 2-к квартира с возможностью временной  регистрaции.

Закpытая oxpаняeмaя терpитopия дoмa. 

Есть двуспальная кровать и двуcпaльный рacкладывaющийcя дивaн (новый) в гоcтинoй.

Диван новый. Maтpaс нa кровати нoвый. Teкcтиль веcь тоже нoвый (постельнoe бельe, пoлотeнца). 

Оcнащeна всей неoбxодимой тeхникoй:
•стиральная машина
• холодильник
•чайник
• плита.
Есть Wi-Fi.

Есть балкон с видом на гостиницу ""Украину"". Все окна выходят на тихий двор. 

Условия: 100 + счетчики + интернет (650р, МТС)
Комиссия агенту 40%.

Только официальный договор., 17 фото",Косметический,,Балкон (1),Во двор,Совмещенный (1),Можно с детьми,"Мебель в комнатах, Мебель на кухне, Ванна, Стиральная машина, Кондиционер, Телевизор, Холодильник, Интернет",,3.2,Пасс (1),Да,https://www.cian.ru/rent/flat/317888310
317941978,"2, Изолированная",Квартира,м. Ломоносовский проспект (15 мин пешком),"Москва, Мосфильмовская улица, 17/25",46.2/27.0/7.3,"1/8, Кирпичный",наземная,"100000.0 руб./ За месяц, Залог - 100000 руб., Коммунальные услуги включены, Срок аренды - Длительный, Предоплата 1 мес",+79164319503,"Впервые сдаем на длительный срок от года. Стильная квартира в отличном состоянии после капитального ремонта. ВНИМАНИЕ: окна на улицу, НО: 1) высокий первый этаж  со стороны Мосфильмовской улицы высота 1,5 этажа; 2) по два стеклопакета в спальнях  в квартире образцовая тишина; 3) установлены кондиционеры и бризеры, благодаря чему в квартире поддерживается комфортная температура и обновляется воздух без необходимости лишний раз открывать окна. Квартира без балкона. Две изолированные комнаты: спальня и кабинет. Вместительная оснащенная гардеробная комната. Полы с подогревом. Кухня оборудована встроенной бытовой техникой, включая посудомоечную машину, духовой шкаф, холодильник, свч, телевизор. Квартира также укомплектована стиральный машиной, пылесосом, утюгом, сушилкой для белья, посудой и т.п. Кабинет и спальня оснащены мебелью, в соответствии с фото. Раздельный санузел. В ванной душевая кабина. 

Замена мебели не рассматривается. 

Заключим договор с аккуратным человеком или семейной па ..., 16 фото",Дизайнерский,,,На улицу,Раздельный (1),,"Мебель в комнатах, Мебель на кухне, Душевая кабина, Стиральная машина, Кондиционер, Посудомоечная машина, Телевизор, Холодильник, Интернет",,2.8,Пасс (1),Да,https://www.cian.ru/rent/flat/317941978
283273426,"2, Изолированная",Квартира,м. Минская (22 мин пешком),"Москва, Веерная улица, 6",75.0/40.0/13.0,17/23,,"100000.0 руб./ За месяц, Залог - 100000 руб., Коммунальные услуги включены, Срок аренды - Длительный, Предоплата 1 мес",+79104355108,"Предлагаем вашему вниманию уютную 2-комнатную квартиру в Москве на Веерной улице, 6. В квартире выполнен современный евроремонт. Оборудованная кухня и комнаты полностью меблированы, что позволит вам заселиться без дополнительных хлопот. Для вашего комфорта установлены кондиционер, холодильник и стиральная машина. Ванная комната оснащена ванной. 

Дом находится в хорошем состоянии, с лифтом и удобной парковкой. Территория благоустроена, а соседи — доброжелательные и спокойные. Рядом с домом расположены школы, детские сады и клиники, что делает это место идеальным для семей с детьми. В шаговой доступности также находятся магазины для вашего удобства.

Условия аренды прозрачные: договор исключительно на длительный срок, без скрытых комиссий.  Квартира идеально подходит для семьи или пары, которые ценят комфорт и удобство проживания.

Приглашаем вас на просмотр, чтобы убедиться в преимуществах этого жилья лично!, 21 фото",Евроремонт,,Лоджия (1),На улицу и двор,Раздельный (1),Можно с детьми,"Мебель в комнатах, Мебель на кухне, Ванна, Стиральная машина, Кондиционер, Холодильник, Интернет",,,,,https://www.cian.ru/rent/flat/283273426
314370485,2,Квартира,м. Поклонная (21 мин пешком),"Москва, Мосфильмовская улица, 6",57.5,"4/8, Кирпичный",наземная,"100000.0 руб./ За месяц, Залог - 100000 руб., Коммунальные услуги включены, Срок аренды - Длительный, Предоплата 1 мес",+79197759876,"Квартира в престижном районе столицы, рядом с киностудией ""Мосфильм"", полностью меблирована и оснащена всей необходимой техникой для комфортного проживания. Высокие потолки 3,1м создают ощущение простора и комфорта. Для удобства в квартире установлены: кондиционер, холодильник, телевизор, стиральная машина, 2 санузла с ванной и душевой кабиной.

Зелёный район, огороженная территория, въезд через шлагбаум, в подъезде пассажирский лифт. Для автомобилистов предусмотрена наземная парковка. Район прекрасно обустроен: рядом расположены школы, детские сады, магазины и многое другое, что делает его идеальным для семейного проживания.

Квартира сдаётся на длительный срок., 9 фото",Евроремонт,,Лоджия (1),На улицу и двор,"Совмещенный (1), Раздельный (1)",,"Мебель в комнатах, Мебель на кухне, Ванна, Душевая кабина, Стиральная машина, Кондиционер, Телевизор, Холодильник, Интернет",,3.1,Пасс (1),Да,https://www.cian.ru/rent/flat/314370485
309516701,3,Квартира,м. Поклонная (18 мин пешком),"Москва, улица Пырьева, 4К3",77.0/48.0/10.0,"7/8, Кирпичный",,"100000.0 руб./ За месяц, Залог - 100000 руб., Коммунальные услуги включены, Срок аренды - Длительный, Предоплата 1 мес",+79175853866,"Рассматривают с воспитанными питомцами, можно иностранцев. Квартира в отличном состоянии, выполнили генеральную уборку, полностью оборудована мебелью и всей бытовой техникой. Две спальни и кухня объединена с гостиной. Три кондиционера, посудомоечная машина, холодильник, отдельная морозильная камера, стиральная машина, телевизор, очень много шкафов. Длительная аренда. Можно с воспитанным питомцем, 37 фото",Евроремонт,,Лоджия (1),Во двор,Раздельный (1),"Можно с детьми, Можно с животными","Мебель в комнатах, Мебель на кухне, Душевая кабина, Стиральная машина, Кондиционер, Посудомоечная машина, Телевизор, Холодильник, Интернет",,3.0,Пасс (1),,https://www.cian.ru/rent/flat/309516701
294906448,"3, Оба варианта",Квартира,м. Аминьевская (21 мин пешком),"Москва, Большая Очаковская улица, 11",92.0/42.0/30.0,"3/5, Кирпичный",наземная,"100000.0 руб./ За месяц, Залог - 100000 руб., Коммунальные услуги включены, Срок аренды - Длительный, Предоплата 1 мес",+79947803558,"ВАШEМУ BНИМАНИЮ! Отличная евро-трeхкoмнатная кваpтира с высокими потолками и xopoшим peмoнтом! Просторная, уютнaя, в зеленом районе.

B KВAPTИРЕ большая кухня-гостиная, детская, мастер-спальня с гардеробной, очень просторный санузел, балкон. На кухне: функциональный кухонный гарнитур, газовая плита, духовка, вытяжка, холодильник, барный стол со стульями, над которым есть место для вина и бокалов. Также имеется посудомойка (на данный момент не работает, заказаны детали). В гостиной: кондиционер, мягкий удобный диван (раскладывается), ТВ, шкаф-комод под ТВ, журнальный стол, книжный шкаф, напольный светильник. Организовано рабочее место, если Вы работаете из дома - очень удобно. В мастер-спальне: большая кровать с удобным матрасом, прикроватные тумбы, комод, стул, напольный светильник и большая гардеробная, где найдется место для всех Ваших вещей и которую Вы можете дополнить / оборудовать под себя. На полу ковровое покрытие. В детской: полноценное рабочее место, 2 кровати (вторая выдвига ..., 24 фото",Евроремонт,,Балкон (1),На улицу и двор,Совмещенный (1),"Можно с детьми, Можно с животными","Мебель в комнатах, Мебель на кухне, Ванна, Стиральная машина, Кондиционер, Телевизор, Холодильник, Интернет",,3.2,,,https://www.cian.ru/rent/flat/294906448
317427124,"2, Изолированная",Квартира,м. Аэропорт Внуково (14 мин пешком),"Москва, пос. Внуково, улица Большая Внуковская, 1, ш. Киевское (13 км до МКАД), ш. Боровское (14 км до МКАД)",44.0/28.0/6.0,"3/5, Кирпичный",,"50000.0 руб./ За месяц, Залог - 50000 руб., Коммунальные услуги включены, Срок аренды - Длительный, Предоплата 1 мес",+79891464059,"Предлагается в аренду светлая и комфортная 2-комнатная квартира в тихом, зелёном дворе. Отличное расположение: рядом находятся школы, детские сады, супермаркеты и прогулочная зона вдоль живописной реки — идеальное место для семейных прогулок и отдыха на природе.

Удобная транспортная доступность:
• метро Внуково — 10 минут пешком
• метро Саларьево — 15 минут на автобусе
• Внуково Outlet Village — всего 10 минут на машине

Дом расположен в спокойном районе с развитой инфраструктурой и приятным соседством. Идеальный вариант для тех, кто ценит комфорт, природу и удобство городской жизни., 8 фото",Евроремонт,,Балкон (1),Во двор,Совмещенный (1),"Можно с детьми, Можно с животными","Мебель в комнатах, Мебель на кухне, Ванна, Стиральная машина, Кондиционер, Телевизор, Холодильник",,2.48,,Нет,https://www.cian.ru/rent/flat/317427124
316752791,"3, Оба варианта",Квартира,м. Кутузовская (19 мин пешком),"Москва, 3-й Сетуньский проезд, 3",60.0/43.0/6.0,5/10,наземная,"80000.0 руб./ За месяц, Залог - 80000 руб., Коммунальные услуги включены, Срок аренды - Длительный, Предоплата 1 мес",+79230706394,"ОПЕРАТИВНЫЙ ПОКАЗ!
Собственник будет на просмотре и подписании договора!
Юридическое сопровождение договора аренды: анализ необходимой документации, согласование проекта договора аренды с потенциальным арендатором!
				
Уютная светлая  квартира  по отличной цене !
Свежий ремонт!
Великолепный вид из окна!
Холодильник, телевизор, встроенная кухня, интернет, Wi-Fi.
Большая квартира с отличным ремонтом для аренды на длительный срок.
Имеется вся необходимая мебель и бытовая техника, кондиционер, телевизор, wi-fi роутер, стиральная машина, холодильник, кухонная техника, посуда.
Рядом находятся все магазины, аптеки, школа, детский сад, детские площадки, спортивная площадка, кафе, детские кружки, салоны красоты и спортивный клуб.
Зелёный район, множество парков вокруг, развитая инфраструктура района.
Сдаём на длительный срок.
У собственника могут быть дополнительные пожелания к жильцам.

На все Ваши вопросы ответит специалист Агентства Недвижимости Алексей., 14 фото",Косметический,,Балкон (1),На улицу и двор,Совмещенный (1),"Можно с детьми, Можно с животными","Мебель в комнатах, Мебель на кухне, Ванна, Стиральная машина, Кондиционер, Посудомоечная машина, Телевизор, Холодильник, Интернет",,,Пасс (1),,https://www.cian.ru/rent/flat/316752791
317826913,"2, Изолированная",Квартира,м. Кунцевская (6 мин пешком),"Москва, Кутузовский проспект, 82",56.0/40.0/8.0,"5/5, Кирпичный",наземная,"85000.0 руб./ За месяц, Залог - 85000 руб., Коммунальные услуги включены, Срок аренды - Длительный, Предоплата 1 мес",+79230727750,"Арт. 105176163 Предлагаем вам уютную 2-комнатную квартиру в аренду на Кутузовском проспекте, 82, в Москве. Квартира расположена на последнем, 5-м этаже дома, построенного в 1960 году. Общая площадь составляет 56 кв. м, а высота потолков — 3 метра, что добавляет ощущение простора. Метро ""Кунцевская"" всего в 6 минутах пешком. В квартире сделан качественный ремонт, и она полностью готова к комфортному проживанию. Есть вся необходимая мебель на кухне и в комнате. Окна выходят как на улицу, так и во двор, поэтому можно наслаждаться как городскими видами, так и уютной тишиной. Квартира оборудована современной техникой: кондиционер, холодильник, посудомоечная и стиральная машины, а также телевизор. Ванная комната оснащена ванной, что позволит расслабиться после долгого дня. Дом находится в хорошем состоянии. Для вашего удобства в доме есть доступ к интернету. Балкон позволяет наслаждаться свежим воздухом, не выходя из квартиры. Район с развитой инфраструктурой: рядом школы, детские сады и маг ..., 12 фото",Косметический,20-20,Балкон (1),Во двор,Раздельный (1),"Можно с детьми, Можно с животными","Мебель в комнатах, Мебель на кухне, Ванна, Стиральная машина, Кондиционер, Посудомоечная машина, Телевизор, Холодильник, Интернет",,3.0,,,https://www.cian.ru/rent/flat/317826913
303227525,2,Квартира,м. Москва-Сити (6 мин пешком),"Москва, Кутузовский проспект, 24",54.0/35.0/3.0,"3/10, Кирпичный",,"90000.0 руб./ За месяц, Залог - 90000 руб., Коммунальные услуги включены, Срок аренды - Длительный, Предоплата 1 мес",+79891515883,"Квартира в прекрасной локации. 5 минут до метро и Москва Сити через мост Багратион. 

Окна выходят в сторону Кутузовского проспекта. Комнаты не проходные, просторные и светлые. 

Квартира уютная и атмосферная. 

Очень уютный внутренний двор. 

Сдается с июня., 10 фото",Косметический,,,На улицу,Раздельный (1),,"Мебель в комнатах, Мебель на кухне, Ванна, Стиральная машина, Кондиционер, Холодильник",,3.2,Пасс (1),Да,https://www.cian.ru/rent/flat/303227525
287798542,2,Квартира,м. Минская (22 мин пешком),"Москва, Веерная улица, 6",55.0/30.0/18.0,"2/23, Монолитно-кирпичный",подземная,"95000.0 руб./ За месяц, Залог - 110000 руб., Коммунальные услуги включены, Срок аренды - Длительный, Предоплата 1 мес",+79230733759,"Просьба риелторам не беспокоить, пожалуйста напишите в сообщении все вопросы, перезвоню или отвечу в смс. 110.000 ( вода+электричество оплачивается дополнительно по счетчику). Рассматриваю одного человека, можно с детьми . Без животных.  Дом премиум класса с подземным паркингом (-1,-2 этаж ) стоимость аренды машиноместа в районе 8 тыс, а также наземный бесплатный . Дом находится в спокойном районе, вид на зеленую зону , много деревьев и мини парк, рядом староволынский лес , парк Анны Герман. Поблизости МГУ и Экономический институт им Плеханова , Клиническая больница Волынка управделами Президента, конгресс Холл Волынский, Нежинский роддом 3, поликлиника 158.  Рядом с домом остановка автобусная к метро Минская, Давыдково и славянский бульвар , шатл -Сити( прямо в Москва -Сити)  Ведется видеонаблюдение, камеры в подъезде и в лифтах . Во дворе детская площадка  2 супермаркета, салон, рядом аптека. Чистый и безопасный район , красивая входная группа , лифты, хорошие соседи. Поблизости жк К ..., 15 фото",Дизайнерский,,Лоджия (1),Во двор,Совмещенный (1),Можно с детьми,"Мебель в комнатах, Мебель на кухне, Ванна, Стиральная машина, Кондиционер, Телевизор, Холодильник, Интернет",,3.15,"Пасс (1), Груз (1)",Да,https://www.cian.ru/rent/flat/287798542
300568622,3,Квартира,м. Кунцевская (17 мин пешком),"Москва, Можайское шоссе, 11",83.7/53.7/8.0,"4/5, Кирпичный",наземная,"95000.0 руб./ За месяц, Залог - 50000 руб., Коммунальные услуги включены, Срок аренды - Длительный, Предоплата 1 мес",+79164645686,"Риелторы, агентства,  не звонить! 
Строго без животных!  Сдаем семье на длительный срок. 
Сдам просторную 3-х комнатную кваpтиру с гоcтинoй и двумя спaльнями в кирпичном домe.
Пpeимущeствa прeдлoжения:
- Высокоскоростной интернет
-Домашний кинотеатр 5.1. 
-Новая дорогая детская кроватка
- Bысокиe потoлки 3 м.
- Турник
- Сигнализация Гольфстрим
- Функциoнaльнaя планировкa (квартира-распашонка). 
- Совмещённый сaнузeл
- Установлена дополнительная входная дверь в тамбур
- Перекрытия - железобетонные
- Окнa жилых кoмнaт выхoдят на ул.Гродненская и  тиxий внутрeнний двор
- 2 застекленных балкона. 
- Вся кухонная мебель в наличии, включая посудомойку, микроволновку, большой холодильник, соковыжималка Борк. 
- Все комнаты оснащены лучшими в мире кондиционерами  Daikin
Преимущества расположения:
Выезд на Кутузовский пр-т
- 13 мин пешком до м. Кунцевская
- В  доме ресторан Тануки, Аптека, Инвитро, игровой кибер -клуб Колизеум, Спа-салон, в 5 мин Word Class, спорткомплекс Кунцево, парки Кунцево, ..., 14 фото",Евроремонт,,Балкон (2),На улицу и двор,Совмещенный (1),Можно с детьми,"Мебель в комнатах, Ванна, Стиральная машина, Кондиционер, Посудомоечная машина, Телевизор, Холодильник, Интернет",,3.0,,,https://www.cian.ru/rent/flat/300568622
280023694,"2, Изолированная",Квартира,м. Парк Победы (4 мин пешком),"Москва, улица Дениса Давыдова, 7",59.0/30.0/8.0,"4/8, Кирпичный",,"99000.0 руб./ За месяц, Залог - 99000 руб., Коммунальные услуги включены, Срок аренды - Длительный, Предоплата 1 мес",+74954760059,"Уютная светлая квартира с мебелью, умным домом и множеством новой техники. 
Качественный ремонт, окна не на кутузовский проспект. До метро 2 минуты, высокие потолки.

В квартире квартире:
Поднимающийся большой стол для работы стоя/сидя, игровое кресло
2 кондиционера Daikin
Новый холодильник, микроволновка, посудомойка, мультиварка, новая кровать, новый матрас Askona
Телевизор
Свежий ремонт в подъезде (только сделали)
Парковка во дворе со шлагбаумом

Квартиру обустраивал под себя и под удаленную работу. Я собственник, сдаю самостоятельно, в помощи не нуждаюсь. Полностью готова для проживания!, 15 фото",Дизайнерский,,Балкон (1),На улицу,Раздельный (1),"Можно с детьми, Можно с животными","Мебель в комнатах, Мебель на кухне, Ванна, Душевая кабина, Стиральная машина, Кондиционер, Посудомоечная машина, Телевизор, Холодильник, Интернет",,,Пасс (1),Нет,https://www.cian.ru/rent/flat/280023694
317332506,2,Квартира,м. Киевская (8 мин пешком),"Москва, Кутузовский проспект, 1/7",58.0/32.4/10.0,"3/8, Кирпичный",,"100000.0 руб./ За месяц, Залог - 100000 руб., Коммунальные услуги включены, Срок аренды - Длительный, Предоплата 1 мес",+79850918541,"Предлагается 2-комнатная квартира общей площадью 58 м² недалеко от станции метро ""Киевская"". Для комфортного проживания в наличии имеется вся необходимая мебель. Кухонный гарнитур оснащен духовой печью. Окна обращены на улицу.

Из основных достоинств дома: присутствие консьержа в подъезде, огороженная территория и охрана.

 - Можно с детьми.
 - Объект представляет агент Capital Mars - Анна.
 - ID объекта 674846., 7 фото",,,,На улицу,Раздельный (1),Можно с детьми,"Мебель в комнатах, Ванна, Стиральная машина, Кондиционер, Интернет",индивидуальный проект,2.7,Пасс (2),,https://www.cian.ru/rent/flat/317332506
316779033,"3, Изолированная",Квартира,м. Ломоносовский проспект (15 мин пешком),"Москва, Мосфильмовская улица, 17/25",72.0/48.5/8.0,6/8,наземная,"100000.0 руб./ За месяц, Залог - 100000 руб., Коммунальные услуги включены, Срок аренды - Длительный, Предоплата 1 мес",+79104770145,"КВАРТИРУ НУЖНО УВИДЕТЬ ВЖИВУЮ! Квартира в тихом месте, до метро 13 минут пешком, красивый вид из окна! Просторная, с качественным ремонтом, не загруженная лишней мебелью трехкомнатная квартира в кирпичном сталинском доме. Две изолированные спальни (большая и поменьше), большая гостиная. Окна спален и кухни выходят в тихий зеленый двор, из гостиной - вид на Поклонную гору. В квартире выполнен качественный ремонт.  Полы - паркетная доска, плитка. На кухне установлен гарнитур со встроенной техникой (электрическая варочная панель, духовой шкаф, вытяжка), холодильник. Достаточное количество мест для хранения ваших вещей: вместительные шкафы в двух комнатах и коридоре. Мебель и техника ведущих производителей. В квартире установлены два кондиционера. Санузел совмещенный. Застекленная лоджия.
Ухоженный подъезд. В доме хорошая звукоизоляция.
Двор озеленен, имеются детская и спортивная площадки. Въезд на территорию через шлагбаум.
Развитая инфраструктура. В шаговой доступности необходимые продук ..., 44 фото",Евроремонт,,Балкон (1),На улицу и двор,Совмещенный (1),Можно с детьми,"Мебель в комнатах, Мебель на кухне, Ванна, Стиральная машина, Кондиционер, Телевизор, Холодильник, Интернет",,,Пасс (1),Да,https://www.cian.ru/rent/flat/316779033
301002204,2,Квартира,м. Матвеевская (13 мин пешком),"Москва, Веерная улица, 6",55.0,"2/23, Монолитно-кирпичный",подземная,"100000.0 руб./ За месяц, Залог - 140000 руб., Коммунальные услуги включены, Срок аренды - Длительный, Предоплата 1 мес",+79230733759,"Просьба писать все вопросы в смс . На звонки нет времени отвечать. Агентов не беспокоить. Уютная светлая двушка в спальном элитном районе по соседству с ЖК Spires, ЖК Ближняя дача, Кутозовская Ривьера. Дом с подземным и наземным паркингом . Балкон, вид на парк, никакого шума, рядом МГУ, Экономический Университет им. Плеханова ( пешком 7 мин) , детсад 3 мин, школа, Староволынская  больница управделами Президента, Роддом 3, в пешей доступности. Выезд на мосфильмовскую , по дублеру кутузовского проспекта генерала Дорохова без пробок в центр 10 мин. В Барвиху 20, в Сколково 12. Рассматриваю одного человека, можно с детьми. 
-----
Примечание: у собственника могут быть дополнительные пожелания к жильцам - обсудите их в чате или по телефону, 13 фото",Дизайнерский,,"Балкон (1), Лоджия (1)",Во двор,Совмещенный (1),Можно с детьми,"Мебель в комнатах, Мебель на кухне, Ванна, Стиральная машина, Кондиционер, Телевизор, Холодильник, Интернет",,3.0,"Пасс (3), Груз (1)",,https://www.cian.ru/rent/flat/301002204
207983458,2,Квартира,м. Поклонная (16 мин пешком),"Москва, улица Пудовкина, 6К2",60.0/33.0/9.0,"4/14, Кирпичный",,"100000.0 руб./ За месяц, Залог - 100000 руб., Коммунальные услуги включены, Срок аренды - Длительный, Предоплата 1 мес",+79230744155,"БЕЗ КОМИССИИ! Свободна к заселению! В кирпичном доме расположилась уютная квартира с качественным ремонтом, в доме консьерж. Квартира оборудована всей необходимой техникой, функциональная кухня располагает всем необходимым. Вместительная гардеробная, два санузла: один гостевой. 
Теплые полы.

В шаговой доступности расположены детские сады, школа, аптеки, магазины, рестораны, гольф-клуб. Прогуляться можно по Воробьевской набережной, где дует свежий ветерок, а знаменитый музей киноконцерна Мосфильм познакомит вас с удивительным миром кинематографа.

До остановки транспорта всего 5-6 минут ходьбы. Автовладельцам будет удобен быстрый выезд на ТТК., 16 фото",Дизайнерский,,,Во двор,"Совмещенный (1), Раздельный (1)",Можно с детьми,"Мебель в комнатах, Мебель на кухне, Душевая кабина, Стиральная машина, Кондиционер, Посудомоечная машина, Телевизор, Холодильник, Интернет",,2.8,"Пасс (1), Груз (1)",Да,https://www.cian.ru/rent/flat/207983458
317668178,"2, Изолированная",Квартира,м. Кутузовская (3 мин пешком),"Москва, Кутузовский проспект, 30",65.0/38.0/12.0,7/12,наземная,"75000.0 руб./ За месяц, Залог - 10000 руб., Коммунальные услуги включены, Срок аренды - На несколько месяцев, Предоплата 1 мес",+79895721991,"ВНИМАНИЕ !!!Сдаётся НА КОРОТКИЙ СРОК ,с 27 мая по 30 сентября , уютная двухкомнатная квартира в одном из самых удобных районов Москвы, всего в 3 минутах пешком от метро Кутузовская. Площадь квартиры составляет 65 квадратных метров, из которых 38 квадратных метров занимает жилая зона, а 12 квадратных метров — просторная кухня. Квартира расположена на 7 этаже 12-этажного дома.

В квартире выполнен косметический ремонт, что создаёт приятную атмосферу и чувство комфорта. Окна выходят на улицу, поэтому в комнатах всегда светло. В вашем распоряжении будет вся необходимая техника: кондиционер, холодильник, телевизор и стиральная машина. На кухне и в комнате имеется мебель, что позволит вам сразу же обустроиться. В ванной комнате установлена душевая кабина, что добавляет удобства.

Дом находится в хорошем состоянии с наземной парковкой и пассажирским лифтом. Это обеспечивает комфортное проживание и удобство передвижения. Рядом с домом расположены школы, детские сады и магазины, что делает этот ..., 19 фото",Косметический,,Балкон (1),На улицу,Раздельный (1),,"Мебель в комнатах, Мебель на кухне, Душевая кабина, Стиральная машина, Кондиционер, Телевизор, Холодильник, Интернет",,,Пасс (1),Нет,https://www.cian.ru/rent/flat/317668178
317810471,"2, Изолированная",Квартира,м. Киевская (8 мин пешком),"Москва, Кутузовский проспект, 1/7",58.0/10.0,"3/7, Кирпичный",наземная,"100000.0 руб./ За месяц, Залог - 100000 руб., Коммунальные услуги включены, Срок аренды - Длительный, Предоплата 1 мес",+79339370586,"Возможна временная регистрация.

Закрытая охраняемая территория дома. 

Есть двуспальная кровать и двуспальный раскладывающийся диван (новый) в гостиной.

Диван новый. Матрас на кровати  новый. Текстиль весь тоже новый (постельное белье, полотенца). 

Оснащена всей необходимой техникой:
•стиральная машина
• холодильник
•чайник
• плита.
Есть Wi-Fi.

Есть балкон с видом на гостиницу ""Украину"". Все окна выходят на тихий двор. 

Условия: 110 + счетчики + интернет (650р, МТС)

Только официальный договор.

Риэлторов без клиентов просьба не беспокоить. Спасибо, 6 фото",,,Балкон (1),Во двор,Раздельный (1),Можно с детьми,"Мебель в комнатах, Мебель на кухне, Ванна, Стиральная машина, Кондиционер, Телевизор, Холодильник, Интернет",,3.2,Пасс (1),Да,https://www.cian.ru/rent/flat/317810471
