ID  объявления,Количество комнат,Тип,Метро,Адрес,"Площадь, м2",Дом,Парковка,Цена,Телефоны,Описание,Ремонт,"Площадь комнат, м2",Балкон,Окна,Санузел,Можно с детьми/животными,Дополнительно,Название ЖК,Серия дома,"Высота потолков, м",Лифт,Мусоропровод,Ссылка на объявление
316929422,2,Квартира,м. Войковская (3 мин пешком),"Москва, Ленинградское шоссе, 8К3",52.0/30.0/8.0,6/8,наземная,"75000.0 руб./ За месяц, Залог - 75000 руб., Коммунальные услуги включены, Срок аренды - Длительный, Предоплата 1 мес",+79858048547,"Два шага до метро. Обустроенная зеленая придомовая территория с детской площадкой .Тихий двор. Сталинский дом . Великолепная современная квартира студийного плана: кухня совмещена с комнатой в единое пространство. Есть вторая изолированная комната свободного назначения без окна ,ее можно использовать как спальню, кабинет , кладовку, гардеробную.В комнате установлен очиститель воздуха. Уютно, просторно; симпатичный балкон, окна во двор. Выполнен дизайнерский ремонт. Полы ламинат/плитка/натуральный гранит. Потолки больше 3-х метров. Просторный СУС- евростандарт. Квартира укомплектована необходимой бытовой техникой ;новая сантехника, мебель (2-х спальный раскладывающийся диван, кровать, вместительные шкафы, письменный рабочий стол). Проведен Интернет. Сделана генеральная уборка, химчистка мягкой мебели. Прекрасный проверенный собственник. Квартира сдается надолго, свободна, заселим в 1 день. Оперативный показ. Залог можно разделить. Предложение для арендаторов без животных, можно с ребенк ..., 28 фото",Дизайнерский,16-14,Балкон (1),,Совмещенный (1),Можно с детьми,"Мебель в комнатах, Мебель на кухне, Ванна, Стиральная машина, Кондиционер, Телевизор, Холодильник, Интернет",,,3.1,Пасс (1),,https://www.cian.ru/rent/flat/316929422
317940302,"2, Оба варианта",Квартира,м. Водный стадион (7 мин пешком),"Москва, улица Адмирала Макарова, 6А",46.0/28.0/8.0,9/22,наземная,"100000.0 руб./ За месяц, Залог - 100000 руб., Коммунальные услуги включены, Срок аренды - Длительный, Предоплата 1 мес","+79337878705, +79230749459","Сдается на долгий срок просторная квартира с ремонтом. Полностью оборудована для комфортного проживания: мебель, холодильник, стиральная машина, телевизор, интернет. Дом находится в районе с отличной инфраструктурой — рядом школы, сады, супермаркеты, остановки общественного транспорта. Чистый, безопасный подъезд. Депозит обсуждаем. Звоните и записывайтесь на просмотр!, 25 фото",Евроремонт,,,Во двор,Совмещенный (1),"Можно с детьми, Можно с животными","Мебель в комнатах, Мебель на кухне, Ванна, Стиральная машина, Кондиционер, Посудомоечная машина, Телевизор, Холодильник, Интернет, Телефон",Невский,,,"Пасс (1), Груз (1)",Да,https://www.cian.ru/rent/flat/317940302
317717527,"2, Изолированная",Квартира,м. Панфиловская (5 мин пешком),"Москва, улица Зорге, 36",45.0/35.0/7.0,1/8,наземная,"50000.0 руб./ За месяц, Залог - 50000 руб., Коммунальные услуги включены, Срок аренды - Длительный, Предоплата 1 мес",+79850420197,"Сдается в аренду отличный вариант!
Уютная квартира с прекрасным ремонтом, где царит атмосфера умиротворения.
Просторная кухня с современным кухонным гарнитуром.
Все необходимое для комфортной жизни.
Вдохновляющий вид из окна, который заряжает позитивом.

Ваши преимущества:
Тихий двор, развитая инфраструктура, шаговая доступность, удобная планировка, близость к парку, магазинам, метро.

Хотите узнать больше?
Звоните нам!, 9 фото",Косметический,,,На улицу,Раздельный (1),"Можно с детьми, Можно с животными","Мебель в комнатах, Мебель на кухне, Ванна, Стиральная машина, Кондиционер, Телевизор, Холодильник, Интернет, Телефон",,,,,Да,https://www.cian.ru/rent/flat/317717527
317392678,"3, Оба варианта",Квартира,м. Дмитровская (2 мин пешком),"Москва, Бутырская улица, 97",58.6/32.0/6.0,8/9,наземная,"60000.0 руб./ За месяц, Залог - 60000 руб., Коммунальные услуги включены, Срок аренды - Длительный, Предоплата 1 мес",+79367094318,"- Оперативный показ, ЗАСЕЛЕНИЕ В ДЕНЬ ПРОСМОТРА.   
- Собственник будет на просмотре и подписании договора.   
         
- Уважаемые наниматели, ВНИМАНИЕ! Каждое животное обговаривается в индивидуальном порядке!   
- Уважаемые наниматели, ВНИМАНИЕ! ДЕТИ дошкольного возраста обговариваются в индивидуальном порядке !   
         
Отличная квартира по отличной цене. Великолепный вид из окна. Холодильник, телевизор, встроенная кухня, Интернет, Wi-Fi. Рядом есть все магазины, аптеки, школа, детский сад. Метро в пешей доступности.   
  
         
Сдаём на длительный срок.   
При взаимной симпатии залог разбивается на два месяца!   
У собственника могут быть дополнительные пожелания к жильцам., 9 фото",Евроремонт,,Лоджия (1),Во двор,Раздельный (1),"Можно с детьми, Можно с животными","Мебель в комнатах, Мебель на кухне, Душевая кабина, Стиральная машина, Кондиционер, Посудомоечная машина, Телевизор, Холодильник, Интернет, Телефон",,,,Пасс (1),,https://www.cian.ru/rent/flat/317392678
317736389,"2, Изолированная",Квартира,м. Селигерская (6 мин пешком),"Москва, Рогачевский переулок, 4к1",60.0/33.0/7.0,17/22,наземная,"75000.0 руб./ За месяц, Залог - 75000 руб., Коммунальные услуги включены, Срок аренды - Длительный, Предоплата 1 мес",+79857337165,"Сдается впервые двухкомнатная квартира с двумя изолированными комнатами, в пешей доступности, 5-7 мин. от метро Селигерская, оборудованная всем необходимым для комфортного проживания. Район, где расположена квартира, предлагает развитую инфраструктуру. В пешей доступности находятся несколько детских садов и школ, что удобно для семей с детьми. В округе много продуктовых магазинов, таких как ВкусВилл, на первом этаже этого дома  и Магнит, который находятся всего в нескольких минутах ходьбы. Также в районе есть поликлиника и множество автобусных остановок, что делает его удобным для проживания.
 Доброжелательный собственник. Оперативный показ. Звоните!, 38 фото",Евроремонт,,Балкон (1),,Раздельный (1),"Можно с детьми, Можно с животными","Мебель в комнатах, Мебель на кухне, Ванна, Стиральная машина, Кондиционер, Телевизор, Холодильник, Интернет",,,,"Пасс (2), Груз (3)",,https://www.cian.ru/rent/flat/317736389
315586441,2,Квартира,м. Динамо (14 мин пешком),"Москва, Мирской переулок, 5",47.0/25.0/7.0,"2/5, Кирпичный",,"75000.0 руб./ За месяц, Залог - 75000 руб., Коммунальные услуги включены, Срок аренды - Длительный, Предоплата 1 мес",+79857427825,"Вниманию предлагается двухкомнтаная квартира в тихом  месте на длительный срок от собственника. В наличии основная бытовая техника, хороший мебельный гарнитур и спальные места.  В квартире произведён косметический ремонт. Рассматривается семейная пара или до двух человек. Показ по договорённости в вечернее время. На вопросы готов ответить при осмотре объекта. Для связи прошу оставить сообщение, после чего перезвоню вам.
-----
Примечание: у собственника могут быть дополнительные пожелания к жильцам - обсудите их в чате или по телефону, 13 фото",Евроремонт,,Балкон (1),На улицу и двор,Раздельный (1),Можно с детьми,"Мебель в комнатах, Мебель на кухне, Ванна, Стиральная машина, Кондиционер, Холодильник, Интернет",,,2.85,,,https://www.cian.ru/rent/flat/315586441
157980552,2,Квартира,м. Аэропорт (7 мин пешком),"Москва, улица Усиевича, 7",38.0/30.0/6.0,"3/6, Кирпичный",наземная,"78000.0 руб./ За месяц, Залог - 78000 руб., Коммунальные услуги включены, Срок аренды - Длительный, Предоплата 1 мес","+79337871736, +79230748097","Предлагается в аренду 2-х комнатная квартира. Кирпичный дом, рядом метро 4 минуты пешком. Комнаты 18-12м2. Меблированная всей необходимой мебелью. Кухня гарнитур вся бытовая техника. Санузел раздельный ванна.
 Балкон не застекленный.
Тихий двор. Развитая инфраструктура. Хороший подъезд, после ремонта видеонаблюдение.
 Есть машиноместо во дворе с навесом и воротами по типу гаража.
Звоните ! Марина, 15 фото",Евроремонт,,Балкон (1),Во двор,Раздельный (1),,"Мебель в комнатах, Мебель на кухне, Ванна, Стиральная машина, Кондиционер, Посудомоечная машина, Телевизор, Холодильник, Интернет, Телефон",,,,Пасс (1),Да,https://www.cian.ru/rent/flat/157980552
317405804,"2, Изолированная",Квартира,м. Аэропорт (5 мин пешком),"Москва, Красноармейская улица, 21",47.5/28.9/7.6,"7/10, Кирпичный",,"80000.0 руб./ За месяц, Залог - 80000 руб., Коммунальные услуги включены, Срок аренды - Длительный, Предоплата 1 мес",+79339374317,"Собственник! Не агентство! 
Агентствам просьба не звонить! 
Интересует длительный срок аренды. 

Сдается уютная 2-комнатная квартира от собственника (без комиссии), всего в паре минут от метро Аэропорт. 
 
Особенности: 

- Гостиная с двуспальной кроватью, шкафом-купе и кондиционером для комфортного отдыха. 
- Вторая комната оснащена кроватью и кондиционером.
- Два застекленных лоджии - 5,6 м. и 2,7 (утепленная), окна на солнечную сторону, на последних фото можно увидеть прекрасный вид. На одной лоджии установлен новый вместительный холодильник с функцией No Frost 
- Кухня с теплым полом и современными бытовыми приборами: духовой шкаф, газовая варочная панель и микроволновая печь, а также обеденная зона с столом и стульями. Люстра с вентилятором для дополнительного комфорта. 
- В ванной комнате установлена стиральная машина, полотенцесушитель и теплые пол. 
- Прихожая с функциональным шкафом для обуви. 

Вся необходимая инфраструктура около дома:
ТЦ Аэропорт станет отличным местом для д ..., 20 фото",Косметический,,Балкон (2),На улицу,Совмещенный (1),"Можно с детьми, Можно с животными","Мебель в комнатах, Мебель на кухне, Ванна, Стиральная машина, Кондиционер, Холодильник, Интернет",,,3.0,Пасс (1),Да,https://www.cian.ru/rent/flat/317405804
317650878,"3, Оба варианта",Квартира,м. Аэропорт (8 мин пешком),"Москва, улица Черняховского, 11К2",55.0/42.0/6.0,"3/5, Кирпичный",наземная,"95000.0 руб./ За месяц, Залог - 100000 руб., Коммунальные услуги включены, Срок аренды - Длительный, Предоплата 1 мес","+79813670582, +79339367863","Сдается уютная 3-комнатная квартира в Москве, по адресу: улица Черняховского, 11к2. Общая площадь квартиры составляет 55 кв. м, жилая площадь — 42 кв. м. Квартира расположена на 3 этаже 5-этажного кирпичного дома, построенного в 1963 году. Высота потолков — 2.65 метра. Удобное расположение: всего 8 минут пешком до метро ""Аэропорт"".

В квартире выполнен косметический ремонт, что создает атмосферу уюта и комфорта. Есть все необходимое для комфортного проживания: кондиционер, холодильник и стиральная машина. Мебель расположена на кухне и в комнате. Квартира имеет один совмещенный санузел с ванной, а также балкон с видом во двор.

Дом находится в хорошем состоянии, оборудован наземной парковкой, что особенно удобно для владельцев автомобилей. Благодаря кирпичному материалу постройки, в квартире сохраняется комфортная температура в любое время года. 

Рядом с домом есть всё необходимое для жизни: школы, детские сады, клиники и магазины. Это позволяет с легкостью организовать повседневные де ..., 18 фото",Косметический,,Балкон (1),Во двор,Совмещенный (1),,"Мебель в комнатах, Мебель на кухне, Ванна, Стиральная машина, Кондиционер, Холодильник, Интернет",,,2.65,,,https://www.cian.ru/rent/flat/317650878
293177397,2,Квартира,м. Красный Балтиец (16 мин пешком),"Москва, Большая Академическая улица, 15К5",45.0/29.0/6.0,"4/5, Кирпичный",наземная,"55000.0 руб./ За месяц, Залог - 55000 руб., Коммунальные услуги включены, Срок аренды - Длительный, Предоплата 1 мес",+79151359229,"Сдам на длительный срок 2-х комнатную меблированную квартиру. В квартире есть всё необходимое для проживания.  С животными и маленькими детьми не рассматриваем. Залоговую сумму можно разбить на несколько месяцев. Свет и вода оплачиваются отдельно по счётчикам. 
-----
Примечание: у собственника могут быть дополнительные пожелания к жильцам - обсудите их в чате или по телефону, 24 фото",Евроремонт,,Балкон (1),Во двор,Совмещенный (1),Можно с детьми,"Мебель в комнатах, Мебель на кухне, Ванна, Стиральная машина, Кондиционер, Телевизор, Холодильник, Интернет",,,2.77,,,https://www.cian.ru/rent/flat/293177397
161441826,"2, Изолированная",Квартира,м. Белорусская (14 мин пешком),"Москва, Скаковая улица, 18А",45.0/28.0/7.0,"5/5, Кирпичный",наземная,"55000.0 руб./ За месяц, Залог - 55000 руб., Коммунальные услуги включены, Срок аренды - Длительный, Предоплата 1 мес",+79945058140,"Предлагается в аренду на длительный  срок двухкомнатная квартира с изолированными комнатами. Окна во двор.  Развитая инфраструктура района. Страховой депозит можно разбить на две части. Рассмотрят Всех приличных и платежеспособных., 26 фото",Косметический,,Балкон (1),Во двор,Совмещенный (1),"Можно с детьми, Можно с животными","Мебель в комнатах, Мебель на кухне, Ванна, Стиральная машина, Кондиционер, Телевизор, Холодильник, Интернет, Телефон",,,,,Да,https://www.cian.ru/rent/flat/161441826
161988606,"2, Изолированная",Квартира,м. Окружная (3 мин пешком),"Москва, 3-й Нижнелихоборский проезд, 16К1",58.0/35.0/10.0,"9/14, Кирпичный",наземная,"65000.0 руб./ За месяц, Залог - 65000 руб., Коммунальные услуги включены, Срок аренды - Длительный, Предоплата 1 мес","+79337869110, +79390149462","ДИЗАЙНЕРСКИЙ РЕМОНТ! Заселение с 26 мая, ПРОСМОТРЫ 23 Мая!
Рядом три метро: МЦК Окружная-4, МЦД Окружная- 3 минуты пешком, метро Окружная- 3 мин. пешком, м. Петровско-Разумовская 14 мин. пешком. Сдаётся квартира в отличной локации!  Хороший дом. Необычная пларировка;  Вход в спальню через санузел. В гостиную нет дверей.  Кухня изолированная просторная. Уютная, светлая, тёплая квартира с мебелью и техникой: холодильник, пылесос, микроволновка, плита, новая стиральная машина с сушкой, аудио/аппаратура, 2 ТВ, кино-театр с колонками. Красивый санузел, есть Ванная и Душевая! Кирпичный дом с эркерами, после ремонта. Консьерж, домофон. Окна выходят на тихий зеленый двор. 
 Сдаётся на длительный срок, от года! Без животных и детей! Проверенный вариант! ЛУЧШЕ НЕ НАЙДЁТЕ!!!, 24 фото",Дизайнерский,,Лоджия (1),Во двор,Совмещенный (1),,"Мебель в комнатах, Мебель на кухне, Ванна, Душевая кабина, Стиральная машина, Кондиционер, Телевизор, Холодильник, Интернет",,,2.8,"Пасс (1), Груз (1)",Да,https://www.cian.ru/rent/flat/161988606
317801670,"2, Изолированная",Квартира,м. Тимирязевская (8 мин пешком),"Москва, улица Костякова, 15",43.0/27.0/6.0,6/9,наземная,"68000.0 руб./ За месяц, Залог - 68000 руб., Коммунальные услуги включены, Срок аренды - На несколько месяцев, Предоплата 1 мес",+79853909688,"Сдается светлая и уютная 2-х квартиру в доме по адресу Москва, ул, Костякова,  дом 1. Квартира находится на 6 этаже из 9 кирпичного дома. Дом находится в пяти минутах пешком от м. Тимирязевская.  Общая площадь  43 кв.м, жилая площадь  27 кв.м., комнаты изолированные. Квартира благоустроена всей необходимой бытовой техникой и мебелью, в квартире много света и открытого пространства. В квартире имеются встроенные шкафы, балкон, хорошая звуко- и теплоизоляция, а также комфортная температура во всех зонах проживания в любое время года. Отличная социальная и торговая инфраструктура, рядом с домом великолепный парк Дубки.  Собственник постарался учесть все детали, чтобы сделать ваше проживание максимально приятным и комфортным., 15 фото",Евроремонт,,Балкон (1),Во двор,,,"Мебель в комнатах, Мебель на кухне, Ванна, Стиральная машина, Кондиционер, Телевизор, Холодильник, Интернет",,,,Пасс (1),,https://www.cian.ru/rent/flat/317801670
317254926,"2, Изолированная",Квартира,м. Динамо (14 мин пешком),"Москва, Петровско-Разумовский проезд, 7",47.0/34.0/6.0,5/9,наземная,"75000.0 руб./ За месяц, Залог - 75000 руб., Коммунальные услуги включены, Срок аренды - Длительный, Предоплата 1 мес",+79850112372,"Просьба звонить  до 17 часов. после пишите. 
Без комиссий.      Сдается 2 комнатная квартира, комнаты изолированы.   Балкон не застеклен.    Есть мебель и бытовая техника.    Есть подсобное помещение.         Санузел раздельный.    Квартира солнечная теплая,  установлен кондиционер.
Возможно с кошкой., 14 фото",Косметический,,Балкон (1),,Раздельный (1),Можно с детьми,"Мебель в комнатах, Мебель на кухне, Ванна, Стиральная машина, Кондиционер, Холодильник",,,,Пасс (1),Да,https://www.cian.ru/rent/flat/317254926
317699445,"2, Оба варианта",Квартира,м. Аэропорт (6 мин пешком),"Москва, улица Черняховского, 9К4",41.0/28.0/5.0,9/12,наземная,"75000.0 руб./ За месяц, Залог - 75000 руб., Коммунальные услуги включены, Срок аренды - Длительный, Предоплата 1 мес",+79339382185,"Сдаётся уютная двухкомнатная квартира в шаговой доступности от метро ""Аэропорт"". Общая площадь — 41 кв.м, жилая площадь — 28 кв.м. Квартира расположена на 9 этаже 12-этажного дома, окна выходят на улицу. В доме есть пассажирский и грузовой лифты, поэтому можно легко подняться с любой ношей.

Квартира с евроремонтом, полностью готова к проживанию. В комнатах и на кухне есть вся необходимая мебель. Из техники — кондиционер, холодильник, телевизор и стиральная машина. На кухне — удобная рабочая зона. В санузле установлена ванна, что позволит расслабиться после рабочего дня. Есть лоджия, где можно устроить зону отдыха или хранить сезонные вещи.

Дом ухоженный и чистый, с наземной парковкой для вашего удобства. Есть мусоропровод, поэтому можно забыть про хлопоты с выносом мусора. 

Район с развитой инфраструктурой. В шаговой доступности — школы, детские сады, клиники и магазины. Отличное транспортное сообщение: всего 6 минут пешком до метро ""Аэропорт"", что позволяет быстро добраться до цент ..., 22 фото",Евроремонт,,Лоджия (1),На улицу,Совмещенный (1),"Можно с детьми, Можно с животными","Мебель в комнатах, Мебель на кухне, Ванна, Стиральная машина, Кондиционер, Телевизор, Холодильник, Интернет",,,,"Пасс (1), Груз (1)",Да,https://www.cian.ru/rent/flat/317699445
317114296,"2, Изолированная",Квартира,м. Динамо (14 мин пешком),"Москва, Беговая улица, 26",66.0/36.0/10.0,12/13,наземная,"75000.0 руб./ За месяц, Залог - 75000 руб., Коммунальные услуги включены, Срок аренды - Длительный, Предоплата 1 мес",+79161769818,"Договор с собственником. Предлагаем в аренду отличный объект недвижимости для комфортной жизни! Сдается впервые. Шаговая доступность от метро, развитая инфраструктура. Дом огорожен, въезд через кпп, охрана подъезда и машины. Квартира с евро ремонтом, есть все необходимое для комфортного проживания, комнаты ИЗОЛИРОВАННЫЕ, санузел совмещен, лоджия. Много места для хранения вещей. Можно маленьких животных в клетке. Качественная входная дверь. Чистый подъезд, консьерж. Во дворе дома оборудована детская площадка, парковочные места есть всегда. Ухоженная  придомовая территория. Квартира готова к заселению, сдается на длительный срок. Депозит можно разделить на 2 платежа.  Юридическое сопровождение договора аренды: анализ необходимой документации, согласование проекта договора аренды с потенциальным арендатором! ОПЕРАТИВНЫЙ ПРОСМОТР! МЫ ЖДЕМ ИМЕННО ВАС!, 7 фото",Евроремонт,,Балкон (1),Во двор,Совмещенный (1),Можно с детьми,"Мебель в комнатах, Мебель на кухне, Ванна, Стиральная машина, Кондиционер, Посудомоечная машина, Телевизор, Холодильник, Интернет",,,,"Пасс (1), Груз (1)",Да,https://www.cian.ru/rent/flat/317114296
235352985,2,Квартира,м. Войковская (2 мин пешком),"Москва, Ленинградское шоссе, 15",55.0/35.0/9.0,"6/10, Кирпичный",,"75000.0 руб./ За месяц, Залог - 75000 руб., Коммунальные услуги включены, Срок аренды - Длительный, Предоплата 1 мес",+79101375230,"ВНИМАНИЕ! НЕ УПУСТИТЕ! С 25 апреля сдается на длительный срок шикарная  2-х комнатная квартира, комнаты изолированы, просторные, светлые. Хороший добротный сталинский дом! Есть все необходимое для проживания: диван, 2-х спальная кровать, холодильник, стиральная машина, шкафы. Вокруг развитая инфраструктура на любой вкус: магазины, банки, школы, парк, детские сады, фитнес-клубы. Метро Войковская в 2 минутах ходьбы ! Хотим видеть порядочных, платежеспособных без животных. Звоните! Будем рады сотрудничеству! Просмотры возможны ранее по предварительной договоренности!, 11 фото",Косметический,,,Во двор,Раздельный (1),,"Мебель в комнатах, Мебель на кухне, Ванна, Стиральная машина, Кондиционер, Телевизор, Холодильник, Интернет",,,,Пасс (1),Да,https://www.cian.ru/rent/flat/235352985
317082455,"2, Изолированная",Квартира,м. Дмитровская (14 мин пешком),"Москва, Башиловская улица, 19",42.9/26.7/6.0,7/9,наземная,"75000.0 руб./ За месяц, Залог - 75000 руб., Коммунальные услуги включены, Срок аренды - Длительный, Предоплата 1 мес",+79230716013,"Сдам чистую, двухкомнатную квартиру, на длительный срок, в шаговой доступности от  3 станций метро Дмитровская / Савёловская / Петровский парк. Изолированная спальня.  Квартира в отличном состоянии, оснащена всей необходимой для комфортного проживания мебелью и техникой от ведущих производителей. Кондиционеры, посудомойка, теплые полы. Застекленная лоджия. Окна во двор. Развитая инфраструктура и транспортное сообщение района.  Чистый подъезд. Порядочные соседи. Отличный собственник. Оперативный показ., 25 фото",Евроремонт,,Лоджия (1),Во двор,Раздельный (1),Можно с детьми,"Мебель в комнатах, Ванна, Стиральная машина, Кондиционер, Посудомоечная машина, Телевизор, Холодильник, Интернет, Телефон",,,,Пасс (1),Да,https://www.cian.ru/rent/flat/317082455
316209198,2,Квартира,м. Петровский Парк (17 мин пешком),"Москва, улица 1-я 8 Марта, 3",48.0/30.0/7.0,5/9,наземная,"75000.0 руб./ За месяц, Залог - 75000 руб., Коммунальные услуги включены, Срок аренды - Длительный, Предоплата 1 мес",+79339381003,"Сдается двухкомнатная квартира(полустудия, одна комната совмещена с кухней). В квартире есть все необходимое для проживания. Квартира расположена в очень зеленом районе с хорошо развитой инфраструктурой, все в пешей доступности(магазины, поликлиники, фитнес центры, и тд.).  Район недалеко от центра города, удобно добираться до любой точки центра города., 10 фото",Евроремонт,,Лоджия (1),Во двор,Раздельный (1),,"Мебель в комнатах, Мебель на кухне, Ванна, Стиральная машина, Кондиционер, Телевизор, Холодильник, Интернет",,,,Пасс (1),Да,https://www.cian.ru/rent/flat/316209198
225133069,3,Квартира,м. Полежаевская (12 мин пешком),"Москва, улица Зорге, 16",61.0/36.0/8.0,"6/8, Кирпичный",наземная,"78000.0 руб./ За месяц, Залог - 78000 руб., Коммунальные услуги включены, Срок аренды - Длительный, Предоплата 1 мес",+79230756855,"Сдается 3х комнатная квартира на ул.Зорге, квартира спланирована по схеме - большая кухня-гостиная и две спальни, есть все необходимая мебель и бытовая техника. Есть тихий двор с детской площадкой и сквером, чистый подъезд после ремонта. В соседнем доме большая библиотека, рядом много магазинов, 5 минут пешком до большого парка Березовая роща, 10 минут до парка Ходынское поле. Без животных., 15 фото",Косметический,,Балкон (1),На улицу,Раздельный (1),,"Мебель в комнатах, Мебель на кухне, Ванна, Стиральная машина, Кондиционер, Посудомоечная машина, Телевизор, Интернет",,,3.0,Пасс (1),Да,https://www.cian.ru/rent/flat/225133069
317593677,"2, Изолированная",Квартира,м. Войковская (18 мин пешком),"Москва, Ленинградское шоссе, 36К2",56.8/43.0/9.0,"5/5, Кирпичный",наземная,"80000.0 руб./ За месяц, Залог - 85000 руб., Коммунальные услуги включены, Срок аренды - Длительный, Предоплата 1 мес","+79682445418, +79230717529","Роскошная 2-комнатная сталинка у парка — ваш идеальный дом в Москве! 

 Ленинградское шоссе, 36к2(5 мин до м. Войковская, 7 мин до МЦК)  

 О квартире:
 58,6 м² с изолированными комнатами уют и комфорт для семьи или пары  
 Сталинский дом (5 этаж, без лифта) с высокими потолками 3,2 м и толстыми стенами зимой тепло, летом прохладно 
 Современный ремонт+ вся необходимая мебель и техника (кондиционеры, стиральная машина, микроволновка, гидромассажная ванна)  
 Тихие соседи, зелёный двор с детской площадкой  безопасность и спокойствие  

 Окружение:
 5 минут до живописного парка Покровское-Стрешнево
 1 остановка до метро Войковская, 7 мин пешком до МЦК отличная транспортная доступность  

 Дополнительно:
 АКАДО (ТВ + интернет) уже подключено  
 Всё для комфортной жизни: утюг, посуда, мебель  заезжайте и живите!  

 Идеально для тех, кто ценит:
 Тишину и уют сталинского дома  
 Удобную локацию рядом с парком и метро  
 Полную готовность к заселению ничего докупать не нужно!  
3 месяца лета ..., 9 фото",Евроремонт,,,На улицу,Совмещенный (1),"Можно с детьми, Можно с животными","Мебель в комнатах, Мебель на кухне, Ванна, Стиральная машина, Кондиционер, Телевизор, Холодильник, Интернет",,,3.2,,Да,https://www.cian.ru/rent/flat/317593677
279491652,2,Квартира,м. Аэропорт (13 мин пешком),"Москва, Часовая улица, 14",46.0/30.0/7.0,"2/5, Кирпичный",,"80000.0 руб./ За месяц, Коммунальные услуги включены, Срок аренды - Длительный, Предоплата 1 мес",+79834781162,"Внимание! Сдаётся на длительный срок светлая и уютная квартира в капитальном кирпичном доме. Квартира в отличном состоянии готовая к проживанию, укомплектована всей необходимой мебелью и техникой. Застекленный балкон. Дом с тихим двором находится в старом  благоустроенном районе Москвы, с давно сложившейся инфраструктурой. Шикарный Тимирязевский парк в 5 минутах пешком. Фитнесс центры на выбор. Множество ТЦ и магазинов и конечно же Ленинградский рынок! ТЦ  Баку  с кинотеатрами, магазинами и Фудкортом.  
Домашний интернет с wi-fi роутером и скоростью 100 Мбит/сек с частотой 2,4 МГц от МТС, а также кабельное ТВ . Без животных. Показ в любое удобное для вас время. Без залога!, 14 фото",Евроремонт,,Балкон (1),Во двор,Совмещенный (1),,"Мебель в комнатах, Мебель на кухне, Душевая кабина, Стиральная машина, Кондиционер, Посудомоечная машина, Телевизор, Холодильник, Интернет",,,,,Нет,https://www.cian.ru/rent/flat/279491652
312191489,2,Квартира,м. Сокол (16 мин пешком),"Москва, 2-я Песчаная улица, 6к4",50.7/32.0/8.3,"2/6, Кирпичный",наземная,"85000.0 руб./ За месяц, Залог - 85000 руб., Коммунальные услуги включены, Срок аренды - Длительный, Предоплата 1 мес",+79851811264,"Залог можно разбить на 2 платежа. Предлагается квартира в одном из лучших районов города. Дом с лифтом. Квартира в хорошем состоянии. Имеется вся необходимая мебель и бытовая техника. Комнаты изолированные. Санузел раздельный. Установлен автоматический водонагреватель. Без балкона. Развитая инфраструктура: рядом магазины, торговые центры, парк, сквер. Пешая доступность до 3х станций метро. Парковка во дворе. Тихий зелёный двор., 10 фото",Косметический,,,Во двор,Раздельный (1),Можно с детьми,"Мебель в комнатах, Мебель на кухне, Ванна, Стиральная машина, Кондиционер, Телевизор, Холодильник, Интернет",,,3.0,Пасс (1),,https://www.cian.ru/rent/flat/312191489
295417743,"2, Изолированная",Квартира,м. Полежаевская (5 мин пешком),"Москва, улица Зорге, 6к2",56.0/38.0/9.0,"6/10, Кирпичный",,"85000.0 руб./ За месяц, Залог - 90000 руб., Коммунальные услуги включены, Срок аренды - Длительный, Предоплата 1 мес",+79230704021,"Сдается ухоженная двухкомнатная квартира с изолированными комнатами в сталинском доме. Есть все необходимое для комфортного проживания, включая кондиционеры и посудомоечную машину.
Чистый подъезд, приличные соседи, тихий зеленый двор. Развитая инфраструктура района: школы, детские сады, поликлиники, банки. Рядом 3 станции метро:
Зорге 7 минут пешком, Полежаевская 7 минут пешком, Сокол 10 минут пешком. В пешей доступности Березовая роща, ТЦ Авиапарк, стадион ЦСКА. Оперативный показ и заезд с 13 мая., 19 фото",Косметический,,,Во двор,Раздельный (1),"Можно с детьми, Можно с животными","Мебель в комнатах, Мебель на кухне, Душевая кабина, Стиральная машина, Кондиционер, Посудомоечная машина, Телевизор, Холодильник, Интернет",,,3.0,Пасс (1),Да,https://www.cian.ru/rent/flat/295417743
317389752,"2, Изолированная",Квартира,м. Дмитровская (6 мин пешком),"Москва, улица Костякова, 6/5",56.0/34.7/8.3,5/8,наземная,"85000.0 руб./ За месяц, Залог - 85000 руб., Коммунальные услуги включены, Срок аренды - Длительный, Предоплата 1 мес",+79230715466,"Стильная квартира с качественным ремонтом. Кухня гостинная и отдельная спальня. Для комфортного проживания в квартире имеется вся мебель, и места для хранения вещей,  бытовая и сантехническое оборудование. Окна стеклопакеты, имеется застекленный балкон. Кухня - гостиная - 22 метра, со всем необходимым, посудомоечная машинка, холодильник, стиральная машинка. В комнате: 2-х спальная кровать, шкаф купе, кондиционер. Рассмотрят семейную пару от 25 лет,  можно с детьми, строго без животных, студентов и субаренду не предлагать. Оперативный показ. Залог разобьем., 27 фото",Евроремонт,,Балкон (1),,Раздельный (1),,"Мебель на кухне, Ванна, Стиральная машина, Кондиционер, Посудомоечная машина, Телевизор, Холодильник, Интернет",,,,Пасс (1),,https://www.cian.ru/rent/flat/317389752
308782906,2,Квартира,м. Полежаевская (10 мин пешком),"Москва, улица Зорге, 14к3",60.0/35.0/10.0,"3/8, Кирпичный",наземная,"85000.0 руб./ За месяц, Залог - 85000 руб., Коммунальные услуги включены, Срок аренды - Длительный, Предоплата 1 мес","+79847007958, +79337879734","Сдаётся просторная очень уютная квартира для порядочных, платежеспособных людей на длительный срок. Квартира находится рядом с живописным парком Березовая роща. Благоустроенный район, во двое есть спортивная и детская площадка, рядом с домом Школа 141 имени Героя Советского Союза Рихарда Зорге"" с проектом "" Медицинский класс в московской школе"".Целью проекта является создание условий для получения обучающимися умений и навыков, необходимых для обучения по профессии медицинской направленности, для жизни в современном мире и будущей профессии. В пешей доступности метро Полежаевская-8-10 минут пешком, Хорошевская-10 минут пешком, станции МЦК Зорге-7 минут пешком, Хорошово-8-9 минут пешком. 15-20 минут пешком до ТРК Авиапарк, 10 минут до парка Ходынское поле, 10-15 минут пешком до ПФК ЦСК, ВЭБ Арены. в пешей доступности множество продуктовых магазинов, аптек и т.д. Оперативный показ, квартира готова к заселению. Звоните!!!!, 13 фото",Евроремонт,,,Во двор,Раздельный (1),"Можно с детьми, Можно с животными","Мебель в комнатах, Мебель на кухне, Ванна, Стиральная машина, Кондиционер, Телевизор, Холодильник, Интернет",,,3.2,Пасс (2),Да,https://www.cian.ru/rent/flat/308782906
317522243,"2, Изолированная",Квартира,м. Бескудниково (14 мин пешком),"Москва, Дубнинская улица, 26К1",91.0/45.0/15.0,"4/13, Кирпичный",наземная,"85000.0 руб./ За месяц, Залог - 85000 руб., Коммунальные услуги включены, Срок аренды - Длительный, Предоплата 1 мес",+79152884510,"Лучшее предложение в районе!!!
Светлая,просторная и очень уютная  квартира  на длительный срок.Общая площадь квартиры составляет 91 кв. м., комнаты 20 и 25 кв.м,  кухня — 15 с выходом на просторную, застекленную лоджию .Высокие потолки  3  метра добавляют простора. Отдельная комната-гардеробная, просто мечта.

Квартира с евроремонтом, полностью готова к проживанию. В комнатах и на кухне есть вся необходимая мебель для комфортного проживания.Из техники в вашем распоряжении кондиционер, холодильник, стиральная машина и телевизор. В  санузле с окном установлены  ванна и душевая кабина, биде, есть бойлер на случай отключения горячей воды.
Дом в отличном состоянии, оснащён пассажирским и грузовым лифтами, а также мусоропроводом. Для вашего автомобиля предусмотрена наземная парковка. 

Район, в котором расположена квартира, отличается развитой инфраструктурой. В пешей доступности находятся школы, детские сады, клиники и магазины. Доступность трёх станций метро:""Селигерская"".  ""Яхромская"",""Ве ..., 38 фото",Евроремонт,,Лоджия (1),На улицу и двор,Совмещенный (1),,"Мебель в комнатах, Мебель на кухне, Ванна, Душевая кабина, Стиральная машина, Кондиционер, Телевизор, Холодильник, Интернет",,,2.9,"Пасс (1), Груз (1)",Да,https://www.cian.ru/rent/flat/317522243
176138158,"2, Изолированная",Квартира,м. Аэропорт (5 мин пешком),"Москва, Красноармейская улица, 23",60.0/34.0/10.0,"3/9, Кирпичный",,"87000.0 руб./ За месяц, Залог - 87000 руб., Коммунальные услуги включены, Срок аренды - Длительный, Предоплата 1 мес",+79386612417,"Квартира будет сдаваться в аренду с 3 го Июня можно заезжать и жить, показы квартиры  и договор аренды можно подписать  по договоренности уже. 
От метро 4 минуты пешком. 
ЖК ""Советский писатель"". 
Сдается двух-комнатная квартира. Евро ремонт.  
Комнаты раздельные. 
Сан-Узел раздельный, огороженная территория. 
 На длительный срок. 
Best apartment. With good repair., 10 фото",Евроремонт,,Балкон (1),На улицу и двор,,,"Мебель в комнатах, Мебель на кухне, Ванна, Стиральная машина, Кондиционер, Телевизор, Холодильник, Интернет, Телефон",,,3.0,Пасс (1),Да,https://www.cian.ru/rent/flat/176138158
317721349,"2, Смежная",Квартира,м. Белорусская (11 мин пешком),"Москва, улица Правды, 6/34",58.4/34.0/12.0,"7/8, Кирпичный",наземная,"90000.0 руб./ За месяц, Залог - 90000 руб., Коммунальные услуги включены, Срок аренды - Длительный, Предоплата 1 мес",+79339379983,"Ссылка на видео (youtube) по запросу. Отличный вариант для тех кто ищет на длительный срок. Подписание договора дистанционно,-собственник живет в другом городе. Квартира в классическом стиле. Большая спальня, кухня отделена от гостиной аркой. Если ищете квартиру со свежим ремонтом и новой мебелью,- данный объект  не для вас. Новые холодильник, стиральная машина, свч, телевизор. собственник готов в счет оплаты купить новый матрас,Нет ПММ. Большой совмещенный санузел, с ванной и душевой кабиной. Полы паркет- плитка, кондиционеры, стены под покрас, балкон застеклен. Двор огорожен (пульт предоставляется , - парковка во дворе стихийная, с местами проблем не бывает). Идеальный вариант для одного человека или пары.
Динамичный район с развитой инфраструктурой, метро в пешей доступности, удобный выезд как в сторону центра так и на основные магистрали севера и на ТТК., 12 фото",Косметический,,Балкон (1),На улицу,Совмещенный (1),,"Мебель в комнатах, Мебель на кухне, Ванна, Душевая кабина, Стиральная машина, Кондиционер, Телевизор, Холодильник, Интернет",,,3.2,Пасс (1),Да,https://www.cian.ru/rent/flat/317721349
265286783,"2, Изолированная",Квартира,м. Сокол (5 мин пешком),"Москва, 1-й Балтийский переулок, 4",45.0/28.0/7.0,"1/5, Кирпичный",наземная,"99000.0 руб./ За месяц, Залог - 99000 руб., Коммунальные услуги включены, Срок аренды - Длительный, Предоплата 1 мес",+79850007185,"5 минут пешком от метро Сокол!!! Стильная квартира в 5 минутах пешком от метро Сокол. Квартира находится в теплом кирпичном доме с отличной звукоизоляцией. Окна выходят в тихий двор с постоянным наличием свободных парковочных мест. 
В квартире выполнен хороший ремонт и она в прекрасном состоянии: чистая, светлая и уютная. Изолированные комнаты  и вместительная Гардеробная. Есть вся необходимая для комфортного проживания мебель и техника: Кондиционер, Телевизор со Smart TV, Холодильник, Посудомоечная машина, Духовой шкаф, Газовая плита, Микроволновая печь, Чайник электрический, Капсульная кофемашина, Встроенный фильтр для питьевой воды, Микроволновая печь, Стиральная машина, Утюг, Гладильная доска, Сушилка для белья и необходимая Посуда. Установлен Водонагреватель  на случай плановых отключений горячего водоснабжения.  В гостиной: удобный  раскладывающийся угловой диван. В спальне: большая двухспальная кровать с подъемным механизмом и местом для хранения. 
Высота потолков 3,4 метра, что ..., 22 фото",Дизайнерский,,,Во двор,Совмещенный (1),Можно с животными,"Мебель в комнатах, Мебель на кухне, Душевая кабина, Стиральная машина, Кондиционер, Посудомоечная машина, Телевизор, Холодильник, Интернет",,,3.5,,,https://www.cian.ru/rent/flat/265286783
317662037,"2, Изолированная",Квартира,м. Беговая (5 мин пешком),"Москва, 1-й Хорошевский проезд, 6",50.0/30.0/9.0,"2/4, Кирпичный",наземная,"100000.0 руб./ За месяц, Залог - 100000 руб., Коммунальные услуги включены, Срок аренды - Длительный, Предоплата 1 мес","+79165404319, +79161832451","Огороженная территория. Парковка во дворе, всегда есть парковочные места. Тихий двор.
Потолки 3 метра. Кондиционер. Видеодомофон. Интернет. На кухне гарнитур со встроенной техникой, посудомоечная машина, варочная панель, духовой шкаф, микроволновая печь, вытяжка, холодильник, обеденный стол, стулья. Комнаты изолированные. Санузел раздельный, душевая ниша, раковина, стиральная машина, биде. В прихожей встроенный шкаф, большое зеркало. В спальне шкаф, кровать двуспальная. В гостиной диван с французской раскладушкой, комод, телевизор. На длительный срок. Залог возможно разбить на две части, 17 фото",Дизайнерский,,,На улицу и двор,Раздельный (1),"Можно с детьми, Можно с животными","Мебель в комнатах, Мебель на кухне, Душевая кабина, Стиральная машина, Кондиционер, Посудомоечная машина, Телевизор, Холодильник, Интернет",,,3.1,,,https://www.cian.ru/rent/flat/317662037
241080579,3,Квартира,м. Аэропорт (2 мин пешком),"Москва, улица Черняховского, 3",63.4,"7/7, Кирпичный",,"100000.0 руб./ За месяц, Залог - 100000 руб., Коммунальные услуги включены, Срок аренды - Длительный, Предоплата 1 мес",+79852420448,"Сдается чистая, уютная квартира. Вся мебель и техника в наличии. Замечательная хозяйка, обо всем можно договориться. Рассмотрим наличный и безналичный расчёт. Оперативный показ, ключи на руках. Звоните., 18 фото",Косметический,,Балкон (1),Во двор,Совмещенный (1),"Можно с детьми, Можно с животными","Мебель в комнатах, Мебель на кухне, Ванна, Стиральная машина, Кондиционер, Телевизор, Холодильник, Интернет",,,,Пасс (1),Да,https://www.cian.ru/rent/flat/241080579
317362166,"2, Изолированная",Квартира,м. Аэропорт (7 мин пешком),"Москва, улица Константина Симонова, 4",58.0/9.0,3/9,наземная,"100000.0 руб./ За месяц, Залог - 100000 руб., Коммунальные услуги включены, Срок аренды - Длительный, Предоплата 1 мес",+79921285342,"Готова к заселению.
      Предлагается на длительный срок 2-х комнатная квартира в 5-6 мин. пешком от м. Аэропорт. 
       В квартире качественный евроремонт (комнаты изолированы). Вторая линия домов от проспекта, в квартире тихо. Комнаты на 2 стороны. Большой балкон (7м.). Полы с подогревом. Встроенная кухня с немецкой бытовой техникой Miele (посудомоечная машина, измельчитель мусора, фильтр для воды, вытяжка, духовка и т.д.). Санузел совмещен (душ.кабина).
       Въезд во двор через шлагбаум, парковка во дворе. 
       Данное предложение для нанимателей без домашних питомцев и детей.
       Коммунальные платежи включены в арендную плату, дополнительно оплата по счетчикам и за интернет., 18 фото",Дизайнерский,,Балкон (1),Во двор,Совмещенный (1),,"Мебель в комнатах, Мебель на кухне, Душевая кабина, Стиральная машина, Кондиционер, Посудомоечная машина, Телевизор, Холодильник, Интернет",,,,Пасс (1),Да,https://www.cian.ru/rent/flat/317362166
249727726,"3, Оба варианта",Квартира,м. Динамо (4 мин пешком),"Москва, Ленинградский проспект, 33К1",75.0/44.5/8.5,"2/7, Кирпичный",наземная,"100000.0 руб./ За месяц, Залог - 100000 руб., Коммунальные услуги включены, Срок аренды - Длительный, Предоплата 1 мес","+79678494974, +79801319127","У собственника есть свои предпочтения, БЕЗ животных, БЕЗ оформления регистрации!!.  СРОК: желательно 11-месяцев+пролонгация.  ОПЛАТА: 1-месяц+залог+счетчики-БЕЗ КОМИССИИ!.  Адрес:  ЛЕНИНГРАДСКИЙ ПРОСПЕКТ, д.33к1, кирпич, шлагбаум, подъезд (видеонаблюдение, лифт, тамбур).  СОСТОЯНИЕ-косметика-2021г.: сейф-дверь, паркет+плитка, двери-массив дерева, стеклопакеты.  СТУДИЯ (кухня-гостиная), шкаф-купе, спальня, детская, Гардеробная.  КУХНЯ: гарнитур с врезной мойкой, обеденная группа.  ТЕХНИКА: газ-панель, духовой+вытяжной шкафы, холодильник, свч, стиральная+посудомоечная машины, бойлер, пылесос, Кондиционер-3шт.  САНУЗЕЛ: совмещен, евростандарт, ванна. ТВ-плазма, интернет-МГТС/роутер, видеодомофон+домофон, ОХРАНА-сигнализация.  ЛОКАЦИЯ: м.Динамо+Беговая, ТТК., 28 фото",Евроремонт,,,На улицу и двор,Совмещенный (1),Можно с детьми,"Мебель в комнатах, Мебель на кухне, Ванна, Стиральная машина, Кондиционер, Посудомоечная машина, Телевизор, Холодильник, Интернет, Телефон",,,2.7,Пасс (1),Да,https://www.cian.ru/rent/flat/249727726
315462797,"3, Оба варианта",Квартира,м. Савёловская (8 мин пешком),"Москва, улица Нижняя Масловка, 8",54.1/24.0/18.0,"6/9, Кирпичный",наземная,"100000.0 руб./ За месяц, Залог - 100000 руб., Коммунальные услуги включены, Срок аренды - Длительный, Предоплата 1 мес","+79104891525, +79150066289","Предлагается в аренду уютная и стильная трехкомнатная квартира , с дизайнерским ремонтом, в хорошем состоянии, расположенная всего в 5 минутах пешком от метро Савеловская БКЛ и в 6 минутах от метро Савеловская серой ветки. По сути квартира является евротрешкой общей площадью 54,1 квадратных метра, жилая площадь, две изолированные комнаты— 24 квадратных метра, гардеробная 6 кв.м. и просторная кухня-гостиная - 18 квадратных метров. Квартира находится на 6 этаже 9-этажного кирпичного дома.
Важно! Дом стоит торцом к ТТК, а квартира расположена в дальнем от ТТК предпоследнем подъезде, поэтому шум от машин не слышен.
В квартире выполнен дизайнерский ремонт, который превращает пространство в комфортное и современное место для жизни. В комнатах есть вся необходимая мебель и кондиционеры (3 штуки - в каждом помещении). Всю одежду и личные вещи можно разместить на оборудованных местах хранения, которые расположены в коридоре в гардеробной и встроенных шкафах-купе. На кухне — современная техника, ..., 26 фото",Дизайнерский,,Балкон (1),На улицу и двор,Совмещенный (1),"Можно с детьми, Можно с животными","Мебель в комнатах, Мебель на кухне, Ванна, Стиральная машина, Кондиционер, Телевизор, Холодильник, Интернет",,,,Пасс (1),Да,https://www.cian.ru/rent/flat/315462797
278931028,3,Квартира,м. Моссельмаш (10 мин пешком),"Москва, Солнечногорская улица, 5К1",61.0,"5/5, Кирпичный",наземная,"100000.0 руб./ За месяц, Залог - 110000 руб., Коммунальные услуги включены, Срок аренды - Длительный, Предоплата 1 мес",+79150681371,"Пожалуйста, подробно читайте описание. показы возможны с 10 мая, заселение с начала июня. ПИШИТЕ, не звоните. АГЕНТОВ просьба не беспокоить! Сдается прекрасная уютная трёхкомнатная квартира в сталинской пятиэтажке с лифтом, в доме, где Сбербанк. Планировка: прихожая с гардеробом, кухня с гостиной (большая комната), спальня с небольшим гардеробом, вторая спальня (детская), совмещенный санузел. Инверторный кондиционер в гостиной, на полу - паркетная доска, деревянные подоконники, навесной потолок (не натяжной), электрокамин, все из натуральных материалов. В квартире останутся книги в гостиной и коробки, которые будут в гардеробе на верхних полках. Тихий спокойный район, всегда есть парковочные места вокруг дома, детская площадка, прекрасная инфраструктура- магазины (Перекресток, Пятерочка, Вкусвилл, КиБ), почта, Ozon, Boxberry, Wildberries, аптеки, СМ Клиника в соседнем доме, остановки автобуса, недалеко -Грачевский парк и Головинские Пруды. Обращаю внимание на то, что дом старый, то ест ..., 35 фото",Дизайнерский,,,На улицу и двор,Совмещенный (1),"Можно с детьми, Можно с животными","Мебель в комнатах, Мебель на кухне, Ванна, Стиральная машина, Кондиционер, Телевизор, Холодильник, Интернет",,,3.1,Пасс (1),Нет,https://www.cian.ru/rent/flat/278931028
317642998,"2, Оба варианта",Квартира,м. Войковская (22 мин пешком),"Москва, улица Зои и Александра Космодемьянских, 35/1",52.5/27.1/8.1,4/7,наземная,"100000.0 руб./ За месяц, Залог - 100000 руб., Коммунальные услуги включены, Срок аренды - Длительный, Предоплата 1 мес",+79852540072,"Сдаётся в аренду уютная двухкомнатная квартира площадью 52,5 кв. м на 4 этаже семиэтажного кирпичного дома. Расположена в тихом районе неподалёку от метро ""Красный Балтиец""  или ""Войковская"". Дом оснащён пассажирским лифтом и наземной парковкой, что делает проживание здесь особенно комфортным.

Квартира с дизайнерским ремонтом из дорогих ,импортных материалов и вниманием к деталям. Светлая гостиная и уютная спальня оборудованы всей необходимой мебелью. Кровать в спальне оборудована хорошим ортопедическим матрасом. Имеется гардеробная.В квартире сделана шумоизоляция. Кухня площадью 8,1 кв. м включает современную технику: холодильник, посудомоечную машину и кондиционер, включая мелкую бытовую технику.Ванная комната оборудована дорогой импортной сантехникой и плиткой,имеется душевая кабина и ванна, стиральная машина с функцией сушки , подогрев полв в ванной и кухне.Балкон с видом во двор обеспечивает дополнительное пространство для отдыха. В квартире проведён интернет, поэтому вы всегда б ..., 26 фото",Дизайнерский,,Балкон (1),Во двор,Совмещенный (1),Можно с детьми,"Мебель в комнатах, Мебель на кухне, Ванна, Душевая кабина, Стиральная машина, Кондиционер, Посудомоечная машина, Телевизор, Холодильник, Интернет",,,,Пасс (1),Да,https://www.cian.ru/rent/flat/317642998
312270548,2,Квартира,м. Речной вокзал (9 мин пешком),"Москва, Флотская улица, 16",45.0/25.0/6.0,"7/9, Кирпичный",наземная,"45000.0 руб./ За месяц, Залог - 45000 руб., Коммунальные услуги включены, Срок аренды - Длительный, Предоплата 1 мес",+79175131625,"ПРОСМОТРЫ ПОСЛЕ 30-ГО МАЯ! Рядом парк. Развитая инфраструктура. Длительный срок аренды. Строго без животных., 8 фото",Косметический,,Балкон (1),Во двор,Раздельный (1),Можно с детьми,"Мебель в комнатах, Мебель на кухне, Ванна, Стиральная машина, Кондиционер, Холодильник, Интернет",,,,Пасс (1),Да,https://www.cian.ru/rent/flat/312270548
317750932,"2, Изолированная",Квартира,м. Лианозово (12 мин пешком),"Москва, Дмитровское шоссе, 131К1",42.0/26.0/6.0,"2/9, Кирпичный",,"53000.0 руб./ За месяц, Залог - 53000 руб., Коммунальные услуги включены, Срок аренды - Длительный, Предоплата 1 мес","+79337869013, +79163309603","Небольшая уютная двухкомнатная квартира в кирпичном доме. Вся необходимая для проживания мебель и бытовая техника, включая кондиционер, в наличие. Комнаты изолированные, балкона нет, санузел раздельный, без ванной- душевая. СТРОГО без животных! 
-------
Примечание: у собственника есть дополнительные пожелания к жильцам - обсудите их в чате или по телефону																														 Лот: 283472901, 12 фото",Косметический,17-9,,,Раздельный (1),Можно с детьми,"Мебель в комнатах, Мебель на кухне, Ванна, Душевая кабина, Стиральная машина, Кондиционер, Телевизор, Холодильник, Интернет, Телефон",,,,"Пасс (1), Груз (1)",,https://www.cian.ru/rent/flat/317750932
317517426,2,Квартира,м. Селигерская (10 мин пешком),"Москва, Дмитровское шоссе, 90К1",51.0/30.5/10.0,"5/17, Панельный",,"63000.0 руб./ За месяц, Залог - 63000 руб., Коммунальные услуги включены, Срок аренды - Длительный, Предоплата 1 мес",+79230773759,"Предлагается двухкомнатная квартира в пешей доступности от метро ""Селигерская"". Жилые комнаты располагают системами хранения и раскладными диванами. Кухня оснащена гарнитуром с бытовой техникой, включая микроволновую печь. Для поддержания микроклимата установлен кондиционер.

Развитая инфраструктура: супермаркеты, кафе, фитнес-клубы, салоны красоты, торговые и медицинские центры. Для прогулок подойдут парк имени Святослава Фёдорова и Бескудниковский бульвар. Удобный выезд на Дмитровское шоссе и МКАД.

 - Страховой депозит можно оплатить 2-мя частями.
 - Квартиру представляет агент Capital Mars - Александр.
 - ID объекта 245302., 16 фото",,,Балкон (1),Во двор,Раздельный (1),Можно с детьми,"Мебель в комнатах, Ванна, Стиральная машина, Кондиционер, Интернет",,П44Т,2.6,"Пасс (1), Груз (1)",,https://www.cian.ru/rent/flat/317517426
315315376,2,Квартира,м. Селигерская (10 мин пешком),"Москва, Дмитровское шоссе, 90К1",51.0/30.5/9.7,"5/17, Кирпичный",наземная,"64000.0 руб./ За месяц, Залог - 64000 руб., Коммунальные услуги включены, Срок аренды - Длительный, Предоплата 1 мес",+79168835238,"Собственник.Кондиционер. Кофемашина.Балкон.Повышенный комфорт. Квартира , как евротрешка. Чистая .после косметического ремонта.Окна на тихий зеленый бульвар. Целый день солнечный свет. Уникальное местоположение для мегаполиса. Дом на холме ,видовая панорамма до центра города.Нет шума дорог, нет домов заграждающих Солнце. Не серая . Не в бетоне.Нет шума от постоянного ремонта соседей , как в ЖК.Чистый воздух, удобства и комфорт, будут лучшим местом для отдыха и хорошего настроения.  Метро в 5 минутах пешком.  Парк .Квартира прекрасно подойдет для семейных пар от 35 лет (с детьми от 21 лет )или коллег по ,,цеху,,. 2 спальных места 150х190. Без животных , без детей. в квартире не курят. Установлены уличные фильтры для очистки воздуха в помещении, что позволяет закрыть окна и отдыхать в полной тишине.Жкх  по счетчикам. Страховой депозит , возвращаемый, с условиями полного порядка, при завершении договора.Дом находится под охраной . Есть парковка под шлагбаумом с охраной системой., 21 фото",Косметический,,Балкон (1),Во двор,Раздельный (1),,"Мебель в комнатах, Мебель на кухне, Ванна, Стиральная машина, Кондиционер, Телевизор, Холодильник, Интернет",,,2.65,"Пасс (1), Груз (1)",Да,https://www.cian.ru/rent/flat/315315376
317401581,"2, Изолированная",Квартира,м. Войковская (4 мин пешком),"Москва, улица Зои и Александра Космодемьянских, 4К3",56.0/34.0/9.2,"5/8, Кирпичный",наземная,"70000.0 руб./ За месяц, Залог - 70000 руб., Коммунальные услуги включены, Срок аренды - Длительный, Предоплата 1 мес",+79339362405,"Сдаётся 2- комнатная квартира в шаговой доступности от метро Войковская. Квартира с изолированными комнатами(20,14),в жилом состоянии, со всей необходимой мебелью и техникой. Рядом вся необходимая инфраструктура: магазины, кафе, школа итд. Предпочтение в найме- семье., 13 фото",,,Балкон (1),На улицу и двор,Раздельный (1),"Можно с детьми, Можно с животными","Мебель в комнатах, Мебель на кухне, Душевая кабина, Стиральная машина, Кондиционер, Телевизор, Холодильник, Интернет",,,2.7,Пасс (1),Да,https://www.cian.ru/rent/flat/317401581
315693687,3,Квартира,м. Коптево (14 мин пешком),"Москва, Онежская улица, 15",80.0/50.0/8.7,3/5,наземная,"70000.0 руб./ За месяц, Залог - 70000 руб., Коммунальные услуги включены, Срок аренды - Длительный, Предоплата 1 мес",+79339380774,"Предложение, от которого сложно отказаться: просторная 3-комнатная квартира в сталинском доме на Онежской!

Мечтаете о комфортной жизни в тихом районе? Эта светлая и уютная 3-комнатная квартира площадью 80 м² на улице Онежская, 15 ждет именно вас! 

Преимущества, которые вы оцените:

• Идеальное расположение: Исторический район с развитой инфраструктурой, где все необходимое находится в шаговой доступности.
• Простор и уют: Изолированные комнаты, большая и функциональная кухня-гостиная создают комфортное пространство для жизни и отдыха.
• Сталинский дом с характером: Высокие потолки (3 метра) и кирпичные стены добавляют квартире особый шарм и создают ощущение простора и свободы.
• Все готово к проживанию: Квартира сдается впервые после качественной уборки и оборудована всей необходимой техникой:
  • Встроенная кухня с посудомоечной машиной, духовым шкафом и микроволновкой.
  • Холодильник.
  • Стиральная машина.
  • Мультиварка - для вкусных и полезных блюд!
  • 2 кондиционера, обеспеч ..., 17 фото",Косметический,,Балкон (1),На улицу,Совмещенный (1),Можно с детьми,"Мебель в комнатах, Мебель на кухне, Ванна, Стиральная машина, Кондиционер, Посудомоечная машина, Телевизор, Холодильник",,,,,,https://www.cian.ru/rent/flat/315693687
300025880,2,Квартира,м. Коптево (19 мин пешком),"Москва, Кронштадтский бульвар, 39К2",40.0,"6/9, Кирпичный",наземная,"75000.0 руб./ За месяц, Залог - 75000 руб., Коммунальные услуги включены, Срок аренды - Длительный, Предоплата 1 мес",+79843221453,"Сдаётся квартира с хорошим ремонтом на длительный срок. Смотрите фотографии квартиры, вся информация соответствует. Имеется вся необходимая мебель и техника. Хороший район, развитая инфраструктура. Рассмотрим всех платёжеспособных граждан.

_______
Топ-6 причин почему нас выбирают:
1 - больше 7 лет на рынке недвижимости.
2 - Индивидуальный подход к каждому
3 - Самые вкусные и эксклюзивные предложения столицы.
4 - Сотрудничаем практически со всеми крупными Агентствами и крутыми частными риэлторами столицы.
5 - Работаем с выездом. Остерегайтесь безвыездных мошенников!!!
6 - Услуги оплачиваются строго после заключения договора. 
Мы ценим Вас и Ваше время., 11 фото",Евроремонт,,Балкон (1),,Совмещенный (1),"Можно с детьми, Можно с животными","Мебель в комнатах, Мебель на кухне, Ванна, Стиральная машина, Кондиционер, Телевизор, Холодильник, Интернет",,,,Пасс (1),Да,https://www.cian.ru/rent/flat/300025880
317914288,"2, Изолированная",Квартира,м. Войковская (4 мин пешком),"Москва, 1-й Войковский проезд, 4К1",42.0/27.0/6.0,4/5,наземная,"75000.0 руб./ За месяц, Залог - 75000 руб., Коммунальные услуги включены, Срок аренды - Длительный, Предоплата 1 мес",+79165449287,"Сдаётся солнечная, чистая двухкомнатная квартира в шаговой доступности от метро Войковская и Стрешнево — всего 2 минуты пешком. Общая площадь квартиры составляет 42 кв. м, жилая — 27 кв. м. Расположена на 4 этаже 5-этажного кирпичного дома, квартира очень теплая.  Окна выходят на юг, что обеспечивает приятное естественное освещение в течение всего дня. Возле дома зелено, много деревьев и красивоцветущих кустарников. 

Квартира с качественным  ремонтом, в отличном состоянии. Кухня площадью 6 кв. м оборудована необходимой мебелью и бытовой техникой. В квартире есть кондиционер, холодильник, телевизор и стиральная машина. Санузел совмещённый, с ванной. Куплен новый диван в большую комнату. Также имеется застекленный  балкон, где можно приятно проводить время на свежем воздухе.

Дом находится в отличном состоянии, есть наземная парковка с въездом под шлагбаум (места для парковки всегда есть). Район обжитой и тихий,  со всей  развитой инфраструктурой давно сложившегося района, что добавляет ..., 35 фото",Дизайнерский,,Балкон (1),На улицу и двор,Совмещенный (1),,"Мебель на кухне, Ванна, Стиральная машина, Кондиционер, Телевизор, Холодильник, Интернет",,,,,Нет,https://www.cian.ru/rent/flat/317914288
317292259,"2, Изолированная",Квартира,м. Аэропорт (10 мин пешком),"Москва, Ленинградский проспект, 48к2",40.0/26.0/6.0,1/5,наземная,"75000.0 руб./ За месяц, Залог - 75000 руб., Коммунальные услуги включены, Срок аренды - Длительный, Предоплата 1 мес",+79230755138,"Сдаю 2 к.кв. с отличным ремонтом. Изолированные комнаты: гостиная 16, спальня 9. В квартире 4 окна. Три выходят на ул. Степана Супруна, одно во двор.
Рядом с домом Петровский парк. Дом имеет П-образную форму, внутри которой зелёный двор с детскими площадками и зоной отдыха. Много мест для парковки. Рядом школа и детский сад. Небольшая, но функциональная кухня. Кондиционер, стиральная машинка,ТВ, интернет, микроволновка и т.д. В спальне новая кровать 180х200, в гостиной новый, раскладывающийся диван. Квартира для некурящих. Без животных., 8 фото",Евроремонт,,,На улицу,Совмещенный (1),Можно с детьми,"Мебель в комнатах, Мебель на кухне, Душевая кабина, Стиральная машина, Кондиционер, Посудомоечная машина, Телевизор, Холодильник, Интернет",,,,,,https://www.cian.ru/rent/flat/317292259
314037517,2,Квартира,м. Сокол (13 мин пешком),"Москва, Волоколамское шоссе, 6",56.0/36.0/8.0,2/10,,"75000.0 руб./ За месяц, Залог - 75000 руб., Коммунальные услуги включены, Срок аренды - Длительный, Предоплата 1 мес",+79682374527,"Комнаты 22 и 13 кв.м. Комнаты смежно-изолированные. Кухня 7,5 кв.м. 2 шкафа для одежды. Балкон. Все окна во двор. 2 этаж в 10 этажном доме. 
На длительный срок, залог за месяц 100% не разбивается. Без животных.
Собственник. Без комиссии.
Если вы видите это объявление, значит оно АКТУАЛЬНО!, 13 фото",Дизайнерский,,Балкон (1),Во двор,Раздельный (1),Можно с детьми,"Мебель в комнатах, Мебель на кухне, Ванна, Стиральная машина, Кондиционер, Телевизор, Холодильник, Интернет",,,,Пасс (1),,https://www.cian.ru/rent/flat/314037517
317281826,"2, Изолированная",Квартира,м. Динамо (14 мин пешком),"Москва, Беговая улица, 26",65.0/45.0/10.0,"11/13, Кирпичный",наземная,"77990.0 руб./ За месяц, Залог - 79000 руб., Коммунальные услуги включены, Срок аренды - Длительный, Предоплата 1 мес",+79892716388,"Сдается отличная, большая, 2х комнатная кваpтирa в кирпичнoм доме, cдаeтcя впepвыe, кoмнaты изoлированы. окнa ПВX, свежий ЕВРОремoнт, укoмплектoванa ВCEЙ неoбходимoй COВPEМEННOЙ мебeлью и бытовoй теxникoй, на пoлу штучный пaркeт, большая вaннaя комната в плиткe c подoгрeвoм, оpигинальная итальянская угловая ванная со шторкой, дорогой встроенный кухонный гарнитур с мраморной столешницей и фасадами из массива вишни, на кухне на полу плитка с подогревом, в комнатах: 2- платяных шкафа, угловой раскладывающейся диван, уголок для компьютера, кресло, 2-х спальная кровать, встроенный холодильник, кондиционер, духовой шкаф-микроволновка, варочная панель, бойлер, фильтр обратный осмос, посудомойка, интернет, домофон, металлическая входная дверь. Красивый вид из окон, окна выходят прямо на ипподром, южная сторона. Дом огорожен, въезд через кпп, охрана подъезда и машины, состояние подъезда отличное, вход на этаж через отдельную дверь. Школа, д/сад, больница в пешей доступности. можно маленьких жив ..., 7 фото",Евроремонт,,Балкон (1),Во двор,Совмещенный (1),,"Мебель в комнатах, Мебель на кухне, Ванна, Стиральная машина, Кондиционер, Посудомоечная машина, Телевизор, Холодильник, Интернет",,,,"Пасс (1), Груз (1)",Да,https://www.cian.ru/rent/flat/317281826
293724359,3,Квартира,м. Коптево (13 мин пешком),"Москва, Коптевский бульвар, 16К2",85.0/8.0,"3/5, Кирпичный",наземная,"80000.0 руб./ За месяц, Залог - 80000 руб., Коммунальные услуги включены, Срок аренды - Длительный, Предоплата 1 мес",+79813687511,"Виктор. Сделаем РЕГИСТРАЦИЮ для ДЕТСКОГО САДА  и ШКОЛЫ . Сдается ПРОСТОРНАЯ трешка в Сталинском доме с ИЗОЛИРОВАННЫМИ комнатами ОБЩЕЙ ПЛОЩАДЬЮ 85 м 2. Потолки 3.10. По желанию собственники могут купить 2 х СПАЛЬНУЮ КРОВАТЬ и установить КОНДИЦИОНЕР. Рядом Тимирязевский парк с прудами, квартира находится в окружении двух бульваров, все окна выходят во двор, рядом ДЕТСКИЙ СПОРТИВНЫЙ КОМПЛЕКС  ""Бригантина"", рядом детская поликлиника, Коптевский рынок с фермерскими продуктами. М. Коптево 13 мин.пешком, м. Войковская 10 мин.транспортом. Развитая ифраструктура. Рассмотрим СЕМЬЮ с детьми и маленькими животными. Длительный срок., 26 фото",Евроремонт,,Балкон (1),Во двор,Раздельный (1),"Можно с детьми, Можно с животными","Мебель в комнатах, Мебель на кухне, Ванна, Стиральная машина, Кондиционер, Посудомоечная машина, Холодильник, Интернет",,,3.0,,,https://www.cian.ru/rent/flat/293724359
317743979,"3, Смежная",Квартира,м. Стрешнево (5 мин пешком),"Москва, Светлый проезд, 6К4",55.0/29.0/10.0,"5/5, Кирпичный",наземная,"80000.0 руб./ За месяц, Залог - 80000 руб., Коммунальные услуги включены, Срок аренды - Длительный, Предоплата 1 мес",+79945051480,"В одном из ещё оставшихся тихих уголков старой Москвы сдаётся квартира на длительный срок со своей мебелью. В квартире есть всё необходимое для комфортного проживания, встроенная кухня оборудованная техникой европейских марок Miele, Liebherr. Санузел большой, совмещённый с бойлером на случай отключения горячей воды. Два шкафа-купе в комнате и прихожей ( без спальных мест).Сдаётся супружеской паре, можно с ребёнком. Окна выходят в тихий двор, имеется не застеклённый балкон. Дом без лифта. Рядом красивый парк Покровское- Стрешнево. До метро Стрешнево ( МЦД и МЦК) 200-300 метров. Дополнительно оплата по счётчикам за свет и воду, 23 фото",Евроремонт,,Балкон (1),На улицу,Совмещенный (1),Можно с детьми,"Ванна, Стиральная машина, Кондиционер, Посудомоечная машина, Холодильник, Интернет",,,,,,https://www.cian.ru/rent/flat/317743979
301957112,3,Квартира,м. Речной вокзал (2 мин пешком),"Москва, Фестивальная улица, 7",75.0/55.0/7.0,"5/9, Кирпичный",наземная,"85000.0 руб./ За месяц, Залог - 85000 руб., Коммунальные услуги включены, Срок аренды - Длительный, Предоплата 1 мес",+79862298435,"Сдается 3ккв на выходе из м. Речной вокзал, комнаты изолированные, полностью мебелированы и оснащены всей необходимой бытовой техникой(в тч посудомоечная машина), в каждой комнате кондиционер. Есть и балкон и лоджия. Дом с огороженной территорией, парковочное место обсуждается отдельно., 18 фото",Евроремонт,,"Балкон (1), Лоджия (1)",Во двор,Раздельный (1),"Можно с детьми, Можно с животными","Мебель в комнатах, Мебель на кухне, Ванна, Стиральная машина, Кондиционер, Посудомоечная машина, Телевизор, Холодильник, Интернет",,,2.7,"Пасс (1), Груз (1)",Да,https://www.cian.ru/rent/flat/301957112
316800671,"2, Изолированная",Квартира,м. Речной вокзал (8 мин пешком),"Москва, Ленинградское шоссе, 98К6",58.0/23.0/21.0,"7/15, Кирпичный",подземная,"85000.0 руб./ За месяц, Залог - 100000 руб., Коммунальные услуги включены, Срок аренды - Длительный, Предоплата 1 мес",+79230720036,"Сдается евродвушка в современном кирпичной доме жск, огорожен хорошим  забором, с собственной территорией: подземным паркингом, выделенной уличной парковкой, спортивной и детской площадками.
На территории и в подъезде видеонаблюдение и охрана.
Кухня-гостинная 20кв.м, спальня 23 кв.м, 2 застекленных лоджии. Высокий потолок -3,16м
Сдается на длительный срок., 19 фото",Евроремонт,,Лоджия (2),Во двор,Совмещенный (1),,"Мебель в комнатах, Мебель на кухне, Ванна, Стиральная машина, Кондиционер, Посудомоечная машина, Телевизор, Холодильник, Интернет",,,3.16,"Пасс (2), Груз (2)",Да,https://www.cian.ru/rent/flat/316800671
281141058,"2, Изолированная",Квартира,м. Сокол (7 мин пешком),"Москва, Песчаная улица, 13",53.0/33.0/8.8,"12/14, Кирпичный",,"85000.0 руб./ За месяц, Залог - 85000 руб., Коммунальные услуги включены, Срок аренды - Длительный, Предоплата 1 мес",+79151472724,"Уютная квартира в 10 минутах от метро Сокол, рядом парк и школа. Собственники всегда на связи. Если нужно, делаем регистрацию., 10 фото",Косметический,,Балкон (1),Во двор,Совмещенный (1),Можно с детьми,"Мебель в комнатах, Мебель на кухне, Ванна, Стиральная машина, Кондиционер, Телевизор, Холодильник, Телефон",,,,Пасс (2),Да,https://www.cian.ru/rent/flat/281141058
316994403,"3, Оба варианта",Квартира,м. Аэропорт (9 мин пешком),"Москва, Часовая улица, 5А",50.0/7.0,"3/5, Кирпичный",наземная,"90000.0 руб./ За месяц, Залог - 90000 руб., Коммунальные услуги включены, Срок аренды - На несколько месяцев, Предоплата 1 мес",+79855528652,"Сдается на срок от одного месяца до трех месяцев- с конца мая до конца  августа! Две изолированные комнаты смежные с гостиной. Совмещенный санузел. Есть гардеробная. Мебель, вся бытовая техника, посудомоечная машина., 13 фото",Дизайнерский,,,Во двор,Совмещенный (1),Можно с детьми,"Мебель в комнатах, Мебель на кухне, Ванна, Стиральная машина, Кондиционер, Посудомоечная машина, Холодильник, Интернет",,,2.9,,,https://www.cian.ru/rent/flat/316994403
316930827,"2, Изолированная",Квартира,м. Беговая (7 мин пешком),"Москва, Беговая улица, 5",78.0/40.0/11.0,4/10,наземная,"90000.0 руб./ За месяц, Залог - 90000 руб., Коммунальные услуги включены, Срок аренды - Длительный, Предоплата 1 мес",+79164173088,"Сдается просторная двухкомнатная квартира полностью меблирована и оснащена всей необходимой бытовой техникой (стиральная и посудомоечная машина). Один кондиционер, два очистителя воздуха. Раздельный санузел. Высокие потолки.
Развитая инфраструктура: во дворе детская площадка, рядом школа и сад. 7 м. до м. Беговая. Так же недалеко м. Динамо, Петровский парк, Белорусская, Савеловский вокзал, платформа Беговая. 
Главная историческая достопримечательность района - Центральный Московский Ипподром., 36 фото",Дизайнерский,,,Во двор,Совмещенный (1),"Можно с детьми, Можно с животными","Мебель в комнатах, Мебель на кухне, Ванна, Стиральная машина, Кондиционер, Посудомоечная машина, Телевизор, Холодильник, Интернет",,,,Пасс (1),,https://www.cian.ru/rent/flat/316930827
317092911,"2, Изолированная",Квартира,м. Войковская (11 мин пешком),"Москва, улица Константина Царева, 14",42.6/22.3/6.0,"3/5, Кирпичный",наземная,"90000.0 руб./ За месяц, Залог - 90000 руб., Коммунальные услуги включены, Срок аренды - Длительный, Предоплата 1 мес",+79868012448,"Предлагаем уютную двухкомнатную квартиру в аренду, расположенную в тихом районе. 
В ШАГОВОЙ ДОСТУПНОСТИ ОТ МЕТРО ""Войковская"",  МЦК и МЦД ""Стрешнево"".

В квартире выполнен дизайнерский ремонт, что создает современную и комфортную атмосферу.

В квартире есть все необходимое для комфортного проживания: 
стильная мебель на кухне и в комнате, уютная детская, 
МНОГО МЕСТ ДЛЯ ХРАНЕНИЯ - отдельная гардеробная, система встроенных шкафов во всю длину коридора,
а также вся необходимая техника — КОНДИЦИОНЕР, холодильник и стиральная машина. Санузел совмещенный, оборудован ВАННОЙ. 
ОКНА ВЫХОДЯТ В ЗЕЛЕНЫЙ ДВОР, поэтому в квартире всегда тихо и спокойно. 
Кроме того, есть БАЛКОН, где можно насладиться свежим воздухом.

Дом находится в хорошем состоянии, есть наземная СВОБОДНАЯ ПАРКОВКА.

Район обжитой и зеленый, в шаговой доступности находятся школы, детские сады, клиники и магазины. 

СТРОГО БЕЗ ЖИВОТНЫХ.
ЛИФТА НЕТ.

До метро Войковская можно добраться пешком всего за 12 минут, до ближайших МЦК и М ..., 13 фото",Дизайнерский,,Балкон (1),Во двор,Совмещенный (1),Можно с детьми,"Мебель в комнатах, Мебель на кухне, Ванна, Стиральная машина, Кондиционер, Холодильник, Интернет",,,,,,https://www.cian.ru/rent/flat/317092911
315755529,2,Квартира,м. Стрешнево (18 мин пешком),"Москва, улица Космонавта Волкова, 5К1",60.0/9.0,"2/13, Кирпичный",наземная,"98000.0 руб./ За месяц, Залог - 99000 руб., Коммунальные услуги включены, Срок аренды - Длительный",+79855137532,"Номер в базе: 5871886. Ищете идеальное жильё в Москве, которое сочетает в себе комфорт, удобство и отличное расположение? Эта просторная двухкомнатная квартира в шаговой доступности от метро Войковская  ваш идеальный выбор! 

Представьте себе, как вы наслаждаетесь жизнью в светлых и просторных комнатах, где каждый уголок продуман до мелочей. Раздельный санузел обеспечит вам максимальное удобство, а установленный кондиционер создаст приятную атмосферу в любое время года. 

Кухня полностью укомплектована всем необходимым для приготовления ваших любимых блюд, что позволит вам сэкономить время и деньги на походах в кафе. В квартире уже есть всё, что нужно для комфортной жизни  просто заезжайте и наслаждайтесь!

Кроме того, ухоженный двор и дружелюбные соседи создают атмосферу уюта и спокойствия. Вы будете чувствовать себя как дома с первых дней проживания!

Не упустите шанс стать обладателем этой замечательной квартиры рядом с метро Войковская. Это не просто жильё, это ваш новый уютный уго ..., 15 фото",Евроремонт,,,,Раздельный (1),Можно с детьми,"Мебель в комнатах, Мебель на кухне, Кондиционер, Холодильник",,,,,,https://www.cian.ru/rent/flat/315755529
315695120,2,Квартира,м. Зорге (9 мин пешком),"Москва, улица Зорге, 14к3",67.0/42.0/8.0,"4/8, Кирпичный",,"100000.0 руб./ За месяц, Залог - 110000 руб., Коммунальные услуги включены, Срок аренды - Длительный, Предоплата 1 мес",+79163289436,"Элегантная уютная квартира в Сталинском доме рядом с парком Берёзовая роща.  Домофон, тамбур на 3 квартиры. Окна гостиной и балкон  выходят на ул. Зорге. Окна спальни - во двор. Гостиная через арку с кухней, просторный холл, большой совмещенный санузел с ванной и душевой кабиной. Полностью оборудованная кухня, есть посудомоечная машина. В гостиной кондиционер. Квартира со вкусом  меблирована., 10 фото",Евроремонт,,Балкон (1),На улицу,Совмещенный (1),Можно с детьми,"Мебель в комнатах, Мебель на кухне, Ванна, Душевая кабина, Стиральная машина, Кондиционер, Посудомоечная машина, Телевизор, Холодильник, Интернет",,,3.2,Пасс (2),Да,https://www.cian.ru/rent/flat/315695120
312290410,"3, Изолированная",Квартира,м. Петровско-Разумовская (6 мин пешком),"Москва, Дмитровское шоссе, 38К1",67.0/59.0,"5/5, Кирпичный",,"100000.0 руб./ За месяц, Залог - 100000 руб., Коммунальные услуги включены, Срок аренды - Длительный, Предоплата 1 мес",+79230747532,"Номер лота: 3517028
СДАЕТСЯ ВПЕРВЫЕ!. Кирпичный теплый дом. В квартире сделан евроремонт. Большая гостиная с кухней и две спальни. Встроенный кухонный гарнитур со всей бытовой техникой, включая посудомоечную машину. Тёплый пол в зоне плитки. Кондиционеры. Потолки 3 м. Два санузла. БЕЗ ЖИВОТНЫХ!!! ИНКОМ-Парк Культуры., 18 фото",Евроремонт,16-13+30,Балкон (1),,,Можно с детьми,"Мебель в комнатах, Мебель на кухне, Ванна, Стиральная машина, Кондиционер, Посудомоечная машина, Телевизор, Холодильник, Интернет",,,3.0,,,https://www.cian.ru/rent/flat/312290410
310708246,3,Квартира,м. Речной вокзал (13 мин пешком),"Москва, Ленинградское шоссе, 64К1",75.0/55.0/14.0,5/16,наземная,"100000.0 руб./ За месяц, Залог - 100000 руб., Коммунальные услуги включены, Срок аренды - Длительный, Предоплата 1 мес",+79163045650,"Сдается 3 комнатная квартира в теплом кирпичном 16 три этажном доме. На длительный срок, семье. Без домашних животных. В квартире сделан евроремонт, вы будете первые проживать после ремонта. Посудомойка, стир машинка, духовой шкаф. Возможен договор с организацией. НДФЛ плюсом к цене договора. Депозит можно оплатить в рассрочку., 5 фото",Евроремонт,,Лоджия (3),Во двор,Раздельный (1),Можно с детьми,"Мебель в комнатах, Мебель на кухне, Ванна, Стиральная машина, Кондиционер, Посудомоечная машина, Телевизор, Холодильник, Интернет",,,,Пасс (2),Да,https://www.cian.ru/rent/flat/310708246
317893540,2,Квартира,м. Водный стадион (10 мин пешком),"Москва, Пулковская улица, 2",35.0,"5/29, Кирпичный",подземная,"100000.0 руб./ За месяц, Залог - 100000 руб., Коммунальные услуги включены, Срок аренды - Длительный, Предоплата 1 мес",+79163426352,"С середины июня сдаётся уютная квартира в Москве на Пулковской улице, 2. Общая площадь — 35 кв. м, находится на 5 этаже 29-этажного кирпичного дома, построенного в 2022 году. Высота потолков — 3 метра. В шаговой доступности от метро ""Водный стадион"" — всего 5 минут пешком.

В наличии вся необходимая мебель на кухне и в комнате. В ванной комнате установлена душевая кабина. Из окон открывается вид во двор, что обеспечивает комфорт и тишину. В квартире есть современная техника: кондиционер, холодильник, посудомоечная и стиральная машины, телевизор, духовка 
Дом новый, с подземной парковкой. 

Инфраструктура района развита: рядом находятся школы, детские сады и магазины, что делает проживание здесь удобным для семей с детьми.

Аренда квартиры возможна по договору. Залог обязателен. Квартира сдаётся без комиссии. 

эта квартира — идеальный выбор для вашего комфортного проживания., 6 фото",Дизайнерский,,Балкон (1),Во двор,Совмещенный (1),Можно с животными,"Мебель в комнатах, Мебель на кухне, Душевая кабина, Стиральная машина, Кондиционер, Посудомоечная машина, Телевизор, Холодильник, Интернет","ЛЕНИНГРАDКА 58, 2022",,3.0,"Пасс (2), Груз (2)",,https://www.cian.ru/rent/flat/317893540
289225504,2,Квартира,м. Сокол (18 мин пешком),"Москва, Новопесчаная улица, 26",60.0,"6/8, Кирпичный",,"100000.0 руб./ За месяц, Залог - 100000 руб., Коммунальные услуги включены, Срок аренды - Длительный, Предоплата 1 мес",+79858420882,"Сдается прекрасная двухкомнатная квартира, ул.Новопесчаная 26, 6 этаж, 2 комнаты,  одна изолированная, вторая - нет. 60 кв метров, закрытая территория , шлагбаум, всегда есть места. Есть балкон. 100 000 рублей в месяц + счетчики. Только на длительный срок . Залог полный месяц. Посредникам и агентствам не звонить!!!, 15 фото",Евроремонт,,Балкон (1),,,Можно с детьми,"Мебель в комнатах, Мебель на кухне, Ванна, Стиральная машина, Кондиционер, Посудомоечная машина, Холодильник, Интернет, Телефон",,,3.0,Пасс (1),Да,https://www.cian.ru/rent/flat/289225504
